occur_date,location,depth,magnitude,max_seismic_scale
1923/9/1 11:58,land,23,7.9,6_upper
1924/1/15 5:50,land,0,7.3,6_upper
1925/5/23 11:09,land,0,6.8,6_upper
1927/3/7 18:27,land,18,7.3,6_upper
1930/11/26 4:02,land,1,7.3,6_upper
1935/7/11 17:24,land,10,6.4,6_upper
1941/7/15 23:45,land,5,6.1,6_upper
1943/9/10 17:36,land,0,7.2,6_upper
1944/12/7 13:35,sea,40,7.9,6_upper
1948/6/28 16:13,land,0,7.1,6_upper
1972/12/4 19:16,sea,54,7.2,6_upper
1982/3/21 11:32,sea,40,7.1,6_upper
1993/1/15 20:06,sea,101,7.5,6_upper
1994/10/4 22:22,sea,28,8.2,6_upper
1994/12/28 21:19,sea,0,7.6,6_upper
1995/1/17 5:46,sea,16,7.3,7
1997/3/16 14:51,land,39,5.9,5_upper
1997/3/26 17:31,land,12,6.6,5_upper
1997/4/3 4:33,land,15,5.7,5_upper
1997/5/13 14:38,land,9,6.4,6_lower
1997/6/25 18:50,land,8,6.6,5_upper
1998/9/3 16:58,land,8,6.2,6_lower
2000/7/1 16:01,sea,16,6.5,6_lower
2000/7/9 3:57,sea,15,6.1,6_lower
2000/7/15 10:30,sea,10,6.3,6_lower
2000/7/20 2:32,sea,7,5.1,5_upper
2000/7/24 6:52,sea,12,5.7,5_upper
2000/7/27 10:49,sea,13,5.8,5_upper
2000/7/30 9:18,sea,11,6,5_upper
2000/7/30 21:25,sea,17,6.5,6_lower
2000/7/30 21:48,sea,17,5.9,5_upper
2000/8/3 17:00,sea,13,5,5_upper
2000/8/3 22:18,sea,13,5.4,5_upper
2000/8/18 10:52,sea,12,6.1,6_lower
2000/8/18 12:49,sea,7,5.1,6_lower
2000/10/2 16:44,sea,25,5.9,5_upper
2000/10/6 13:30,land,9,7.3,6_upper
2001/3/24 15:27,land,46,6.7,6_lower
2001/3/26 5:40,land,46,5.2,5_upper
2001/4/3 23:57,land,30,5.3,5_upper
2001/12/9 5:29,sea,36,6,5_upper
2003/5/26 18:24,sea,72,7.1,6_lower
2003/7/26 0:13,land,12,5.6,6_lower
2003/7/26 7:13,land,12,6.4,6_upper
2003/7/26 16:56,land,12,5.5,6_lower
2003/9/26 4:50,sea,45,8,6_lower
2003/9/26 6:08,sea,21,7.1,6_lower
2004/10/23 17:56,land,13,6.8,7
2004/10/23 17:59,land,16,5.3,5_upper
2004/10/23 18:03,land,9,6.3,5_upper
2004/10/23 18:07,land,15,5.7,5_upper
2004/10/23 18:11,land,12,6,6_upper
2004/10/23 18:34,land,14,6.5,6_upper
2004/10/23 18:57,land,8,5.3,5_upper
2004/10/23 19:45,land,12,5.7,6_lower
2004/10/24 14:21,land,11,5,5_upper
2004/10/25 6:04,land,15,5.8,5_upper
2004/10/27 10:40,land,12,6.1,6_lower
2004/11/4 8:57,land,18,5.2,5_upper
2004/11/8 11:15,land,0,5.9,5_upper
2004/11/29 3:32,sea,48,7.1,5_upper
2004/12/6 23:15,sea,46,6.9,5_upper
2004/12/14 14:56,land,9,6.1,5_upper
2005/1/18 23:09,sea,50,6.4,5_upper
2005/3/20 10:53,sea,9,7,6_lower
2005/4/11 7:22,land,52,6.1,5_upper
2005/4/20 6:11,sea,14,5.8,5_upper
2005/7/23 16:34,land,73,6,5_upper
2005/8/16 11:46,sea,42,7.2,6_lower
2005/8/21 11:29,land,17,5,5_upper
2007/3/25 9:41,sea,11,6.9,6_upper
2007/4/15 12:19,land,16,5.4,5_upper
2007/7/16 10:13,sea,17,6.8,6_upper
2007/7/16 15:37,sea,23,5.8,6_lower
2007/10/1 2:21,land,13,4.9,5_upper
2008/6/14 8:43,land,8,7.2,6_upper
2008/7/24 0:26,land,108,6.8,6_lower
2009/8/11 5:07,sea,23,6.5,6_lower
2011/1/1 8:01,sea,49,4.7,3
2011/1/2 9:42,land,17,3.9,3
2011/1/3 13:45,sea,12,4.7,4
2011/1/7 18:05,land,16,3.9,3
2011/1/12 1:01,sea,48,4.2,3
2011/1/16 20:33,land,44,4.5,3
2011/1/17 16:13,sea,58,4.2,3
2011/1/20 22:20,land,14,3.7,3
2011/1/28 22:48,land,6,3.6,3
2011/1/31 17:21,sea,9,4.2,4
2011/2/3 22:06,sea,6,2.9,3
2011/2/4 18:11,sea,31,4.7,3
2011/2/4 20:15,sea,72,5,3
2011/2/5 10:56,sea,64,5.2,4
2011/2/6 7:25,land,11,3.7,3
2011/2/7 4:40,sea,137,4.4,3
2011/2/10 22:03,sea,48,5.4,4
2011/2/19 22:04,sea,32,4,3
2011/2/21 15:46,land,53,4.8,4
2011/2/26 4:12,sea,56,5,3
2011/2/27 0:38,sea,43,5.2,3
2011/2/27 2:18,land,4,5,4
2011/2/27 5:38,land,4,5.5,4
2011/2/27 9:48,land,5,3.7,3
2011/2/27 21:46,land,6,4,3
2011/2/28 4:03,land,5,3.9,3
2011/2/28 9:04,land,34,4.6,3
2011/3/2 8:26,sea,25,4.9,3
2011/3/7 18:49,sea,29,4.5,3
2011/3/7 19:13,sea,27,5.1,3
2011/3/9 11:45,sea,8,7.3,5_lower
2011/3/9 11:58,sea,21,6,3
2011/3/9 13:36,sea,11,6.1,3
2011/3/10 3:16,sea,29,6.4,3
2011/3/10 3:44,sea,36,6.3,3
2011/3/10 6:24,sea,9,6.8,4
2011/3/11 3:13,land,5,3.4,3
2011/3/11 14:46,sea,24,9,7
2011/3/11 14:50,sea,10,4.7,4
2011/3/11 14:51,sea,33,6.8,5_lower
2011/3/11 14:54,sea,34,6.1,5_lower
2011/3/11 14:55,sea,55,6,3
2011/3/11 14:57,sea,22,5.2,4
2011/3/11 14:57,land,2,4.7,4
2011/3/11 14:58,sea,35,6.6,5_lower
2011/3/11 15:01,land,6,4.5,3
2011/3/11 15:03,sea,17,6,3
2011/3/11 15:05,sea,22,5.9,4
2011/3/11 15:06,sea,29,6.5,5_lower
2011/3/11 15:07,sea,20,6.5,4
2011/3/11 15:08,land,6,4.6,5_lower
2011/3/11 15:08,sea,32,7.4,5_lower
2011/3/11 15:11,land,6,5.5,4
2011/3/11 15:12,sea,39,6.7,5_lower
2011/3/11 15:13,land,3,3.6,3
2011/3/11 15:13,sea,40,5.8,3
2011/3/11 15:15,sea,43,7.6,6_upper
2011/3/11 15:18,sea,41,4.7,5_lower
2011/3/11 15:18,land,1,NA,3
2011/3/11 15:19,sea,33,5.7,4
2011/3/11 15:20,sea,34,5.8,4
2011/3/11 15:20,sea,62,5.7,3
2011/3/11 15:21,sea,6,6.2,3
2011/3/11 15:22,sea,42,4.6,3
2011/3/11 15:23,sea,31,6.1,4
2011/3/11 15:25,sea,11,7.5,4
2011/3/11 15:25,sea,40,4.6,3
2011/3/11 15:28,sea,25,5.2,3
2011/3/11 15:29,sea,15,6.9,3
2011/3/11 15:31,sea,16,5.7,3
2011/3/11 15:33,sea,40,6.4,3
2011/3/11 15:34,sea,39,5.5,3
2011/3/11 15:35,sea,38,5.1,4
2011/3/11 15:36,sea,16,5.1,3
2011/3/11 15:37,sea,33,4.8,3
2011/3/11 15:38,sea,24,5.6,3
2011/3/11 15:40,sea,48,5.9,4
2011/3/11 15:42,sea,9,6.2,3
2011/3/11 15:44,sea,40,5.4,4
2011/3/11 15:46,sea,38,5.6,4
2011/3/11 15:48,sea,42,4.5,3
2011/3/11 15:48,sea,43,5.2,3
2011/3/11 15:49,sea,23,5.6,3
2011/3/11 15:49,sea,7,5.9,4
2011/3/11 15:54,sea,48,5.2,3
2011/3/11 15:55,sea,79,5.4,3
2011/3/11 15:57,sea,28,6.2,4
2011/3/11 16:01,sea,38,5,3
2011/3/11 16:03,sea,23,5.8,3
2011/3/11 16:04,sea,24,5.7,4
2011/3/11 16:05,sea,27,5.7,4
2011/3/11 16:06,sea,8,3.6,3
2011/3/11 16:09,sea,37,5.5,3
2011/3/11 16:10,sea,27,6.2,3
2011/3/11 16:13,sea,50,5.8,3
2011/3/11 16:14,sea,25,6.8,4
2011/3/11 16:16,sea,48,5.3,3
2011/3/11 16:17,sea,20,6.5,4
2011/3/11 16:20,sea,0,3.9,3
2011/3/11 16:25,sea,40,6.2,3
2011/3/11 16:28,sea,39,5.6,4
2011/3/11 16:29,sea,17,6.6,5_upper
2011/3/11 16:30,sea,27,5.9,5_lower
2011/3/11 16:31,sea,39,5.4,3
2011/3/11 16:34,land,16,4.2,3
2011/3/11 16:34,sea,13,5.7,3
2011/3/11 16:37,sea,42,5,3
2011/3/11 16:38,sea,16,5.8,4
2011/3/11 16:40,sea,28,5.3,3
2011/3/11 16:42,sea,37,5.4,3
2011/3/11 16:44,sea,60,5.6,4
2011/3/11 16:45,sea,41,5,3
2011/3/11 16:49,sea,34,5.5,3
2011/3/11 16:54,sea,27,4.9,3
2011/3/11 16:54,sea,35,5.5,3
2011/3/11 16:56,sea,11,6.2,3
2011/3/11 17:00,sea,34,4.4,3
2011/3/11 17:01,sea,17,5.5,3
2011/3/11 17:03,sea,23,5.3,3
2011/3/11 17:04,sea,19,5.9,3
2011/3/11 17:10,sea,37,5.5,3
2011/3/11 17:12,sea,32,6.6,4
2011/3/11 17:15,sea,27,4.4,3
2011/3/11 17:19,sea,28,4.9,3
2011/3/11 17:19,sea,36,6.8,4
2011/3/11 17:27,sea,43,5.1,3
2011/3/11 17:27,sea,30,6.2,3
2011/3/11 17:31,sea,31,5.9,4
2011/3/11 17:32,sea,12,6,3
2011/3/11 17:35,sea,37,5.2,4
2011/3/11 17:40,land,4,4.2,3
2011/3/11 17:40,sea,30,6,5_upper
2011/3/11 17:46,sea,15,5.9,3
2011/3/11 17:47,sea,41,5.1,3
2011/3/11 17:50,sea,43,4,3
2011/3/11 17:52,sea,0,5.6,3
2011/3/11 17:54,sea,40,5,3
2011/3/11 17:56,sea,28,4.2,3
2011/3/11 17:56,sea,32,4.1,3
2011/3/11 17:58,land,3,4.1,4
2011/3/11 18:04,sea,17,5.3,4
2011/3/11 18:11,sea,41,4.6,3
2011/3/11 18:15,sea,35,4.8,3
2011/3/11 18:16,land,7,5.1,3
2011/3/11 18:19,sea,15,5,4
2011/3/11 18:26,sea,23,4.1,3
2011/3/11 18:27,sea,36,5.4,3
2011/3/11 18:33,sea,40,4.5,3
2011/3/11 18:34,sea,46,4.8,3
2011/3/11 18:37,sea,31,5.3,3
2011/3/11 18:42,sea,24,5.6,3
2011/3/11 18:44,sea,14,3.6,3
2011/3/11 18:46,sea,28,5.7,3
2011/3/11 18:52,sea,32,4.9,3
2011/3/11 18:55,sea,0,5.4,3
2011/3/11 18:57,sea,48,4.3,3
2011/3/11 19:09,land,9,4,3
2011/3/11 19:10,sea,31,4.7,3
2011/3/11 19:10,sea,44,6.2,4
2011/3/11 19:13,sea,46,5.3,3
2011/3/11 19:15,sea,36,4.6,3
2011/3/11 19:20,sea,12,5.8,3
2011/3/11 19:35,sea,49,5.1,4
2011/3/11 19:38,land,2,3.6,3
2011/3/11 19:40,land,4,3.5,3
2011/3/11 19:46,sea,47,4.8,3
2011/3/11 19:58,sea,32,4.9,4
2011/3/11 20:00,sea,46,5.5,4
2011/3/11 20:07,sea,48,4.3,3
2011/3/11 20:10,land,5,3.5,3
2011/3/11 20:16,sea,43,5.5,3
2011/3/11 20:21,sea,39,5.6,4
2011/3/11 20:28,sea,35,5.2,3
2011/3/11 20:30,sea,0,5.7,3
2011/3/11 20:31,land,9,5.2,4
2011/3/11 20:36,sea,24,6.7,5_lower
2011/3/11 20:39,sea,25,5.8,4
2011/3/11 20:42,sea,16,5.7,3
2011/3/11 20:46,sea,41,5.4,3
2011/3/11 20:57,sea,29,5.3,4
2011/3/11 21:13,sea,26,6.2,4
2011/3/11 21:15,sea,23,5.9,4
2011/3/11 21:21,sea,23,4.9,4
2011/3/11 21:33,sea,10,5.1,3
2011/3/11 21:54,sea,39,5.1,3
2011/3/11 21:56,sea,29,5.3,3
2011/3/11 22:09,land,3,3.4,3
2011/3/11 22:09,sea,46,4.1,3
2011/3/11 22:15,sea,26,5.2,3
2011/3/11 22:16,sea,28,5.7,3
2011/3/11 22:29,sea,51,3.8,3
2011/3/11 22:33,sea,34,4.5,4
2011/3/11 22:36,sea,31,4.6,3
2011/3/11 22:47,sea,50,4.7,4
2011/3/11 22:56,sea,46,5.3,3
2011/3/11 23:00,sea,43,5.4,4
2011/3/11 23:10,sea,31,5.2,3
2011/3/11 23:26,sea,43,4.8,3
2011/3/11 23:28,sea,42,4.9,3
2011/3/11 23:44,sea,47,4.9,4
2011/3/11 23:56,sea,31,5.8,3
2011/3/12 0:07,sea,41,5.4,3
2011/3/12 0:11,land,2,3.8,3
2011/3/12 0:13,sea,23,6.7,4
2011/3/12 0:15,sea,17,4.9,3
2011/3/12 0:19,sea,18,5.7,3
2011/3/12 0:24,land,6,4.5,4
2011/3/12 0:42,sea,16,5.5,3
2011/3/12 0:57,sea,49,4.1,3
2011/3/12 1:05,sea,45,4.4,3
2011/3/12 1:06,sea,49,4.3,3
2011/3/12 2:14,sea,26,5,3
2011/3/12 2:30,sea,51,4.5,3
2011/3/12 2:30,sea,18,5,4
2011/3/12 2:56,sea,30,4.4,4
2011/3/12 3:11,sea,26,6,3
2011/3/12 3:39,sea,31,4.4,3
2011/3/12 3:44,sea,47,5,4
2011/3/12 3:59,land,8,6.7,6_upper
2011/3/12 4:01,land,1,3.9,4
2011/3/12 4:02,land,9,3.2,3
2011/3/12 4:02,sea,9,6.3,4
2011/3/12 4:03,land,9,4.1,4
2011/3/12 4:04,land,8,3.8,3
2011/3/12 4:06,land,11,3.4,3
2011/3/12 4:08,sea,35,5.2,4
2011/3/12 4:09,land,9,4.5,4
2011/3/12 4:10,land,0,4.2,4
2011/3/12 4:11,land,6,3.7,3
2011/3/12 4:12,land,12,4.3,4
2011/3/12 4:15,land,0,3.6,3
2011/3/12 4:16,land,12,3.6,3
2011/3/12 4:16,sea,29,4,3
2011/3/12 4:21,land,13,3.7,3
2011/3/12 4:24,sea,35,5.7,4
2011/3/12 4:26,land,11,3.7,3
2011/3/12 4:27,land,10,3.4,3
2011/3/12 4:31,land,0,3.1,4
2011/3/12 4:31,land,1,5.9,6_lower
2011/3/12 4:34,land,0,3.6,3
2011/3/12 4:36,land,10,3.4,3
2011/3/12 4:42,land,0,3.2,3
2011/3/12 4:44,land,0,4.2,4
2011/3/12 4:45,sea,26,5.2,4
2011/3/12 4:46,land,14,4.1,4
2011/3/12 4:46,sea,4,6.4,4
2011/3/12 4:49,land,2,3.9,4
2011/3/12 4:56,land,11,3.4,3
2011/3/12 4:57,land,0,3.8,3
2011/3/12 5:03,land,9,3.8,3
2011/3/12 5:08,sea,28,4.8,3
2011/3/12 5:10,sea,27,4.1,3
2011/3/12 5:11,sea,6,6.4,3
2011/3/12 5:20,land,7,3.6,3
2011/3/12 5:26,sea,44,4.9,3
2011/3/12 5:34,sea,49,5.1,3
2011/3/12 5:36,land,6,3.6,3
2011/3/12 5:41,land,3,3.2,3
2011/3/12 5:41,land,5,3,3
2011/3/12 5:42,land,4,5.3,6_lower
2011/3/12 5:50,land,6,3,3
2011/3/12 5:57,land,12,3,3
2011/3/12 6:00,sea,12,5.5,3
2011/3/12 6:11,land,7,3.7,4
2011/3/12 6:19,land,0,3.7,3
2011/3/12 6:25,land,7,2.8,3
2011/3/12 6:27,land,2,3,3
2011/3/12 6:29,sea,33,4.7,3
2011/3/12 6:30,land,3,3.1,4
2011/3/12 6:34,sea,23,4.8,4
2011/3/12 6:34,land,7,3.5,3
2011/3/12 6:48,sea,11,4.6,3
2011/3/12 6:55,land,14,4.4,3
2011/3/12 7:01,land,4,3.9,4
2011/3/12 7:14,land,10,4.2,4
2011/3/12 7:18,land,7,3.8,4
2011/3/12 7:36,sea,25,4.4,3
2011/3/12 8:05,sea,47,4.9,3
2011/3/12 8:11,land,10,4.6,4
2011/3/12 8:25,land,8,3.4,3
2011/3/12 8:32,land,5,3.7,4
2011/3/12 8:53,sea,37,5.1,3
2011/3/12 8:54,sea,40,5,3
2011/3/12 8:57,land,6,3.4,3
2011/3/12 8:59,sea,28,5.5,3
2011/3/12 9:25,sea,23,4.8,3
2011/3/12 9:28,land,6,2.8,3
2011/3/12 9:39,sea,16,4.7,3
2011/3/12 10:04,sea,58,4.8,3
2011/3/12 10:12,land,11,4.8,3
2011/3/12 10:13,sea,30,4.9,4
2011/3/12 10:17,sea,49,4.5,3
2011/3/12 10:32,land,8,3.8,3
2011/3/12 10:34,sea,0,6.2,3
2011/3/12 10:42,land,6,3.7,4
2011/3/12 10:47,sea,0,6.8,4
2011/3/12 11:19,land,7,3,3
2011/3/12 11:30,sea,46,4.7,3
2011/3/12 11:34,sea,46,5.2,3
2011/3/12 11:43,sea,28,4.9,3
2011/3/12 11:52,sea,16,5.1,3
2011/3/12 12:01,sea,11,5.6,3
2011/3/12 12:11,sea,37,5.6,3
2011/3/12 12:40,land,6,3.2,3
2011/3/12 12:54,sea,16,5,3
2011/3/12 13:06,sea,40,5.3,4
2011/3/12 13:43,land,7,3.5,3
2011/3/12 14:14,land,10,4.8,3
2011/3/12 14:45,sea,30,4.4,3
2011/3/12 14:50,land,4,3.4,3
2011/3/12 14:55,land,7,4.2,4
2011/3/12 15:18,sea,44,5.5,4
2011/3/12 15:39,sea,48,4.1,3
2011/3/12 15:44,sea,43,4.7,3
2011/3/12 15:57,sea,25,3.9,3
2011/3/12 18:36,land,9,3.3,3
2011/3/12 18:39,sea,11,4.4,3
2011/3/12 19:08,land,5,3.6,4
2011/3/12 19:53,sea,20,5.8,4
2011/3/12 20:46,sea,26,5.5,3
2011/3/12 21:02,sea,16,4.6,3
2011/3/12 21:34,sea,49,3.9,3
2011/3/12 21:53,sea,2,5.9,3
2011/3/12 22:05,land,6,2.6,3
2011/3/12 22:14,sea,35,4.6,3
2011/3/12 22:15,sea,40,6.2,5_lower
2011/3/12 22:24,sea,30,5,3
2011/3/12 22:27,land,0,3.6,3
2011/3/12 23:03,sea,7,5.8,3
2011/3/12 23:14,sea,11,5,3
2011/3/12 23:34,land,5,3.7,5_lower
2011/3/12 23:34,sea,22,5.6,3
2011/3/12 23:43,sea,9,5.9,4
2011/3/12 23:51,land,4,2.4,3
2011/3/12 23:54,land,5,2.3,3
2011/3/13 0:44,land,5,3.8,3
2011/3/13 1:59,sea,29,4.6,3
2011/3/13 3:09,sea,28,4.5,4
2011/3/13 3:47,land,8,3.2,3
2011/3/13 5:41,sea,41,4.7,3
2011/3/13 6:48,sea,0,5.6,3
2011/3/13 6:58,sea,14,5.4,3
2011/3/13 7:12,sea,9,6.1,3
2011/3/13 7:31,sea,24,5.4,3
2011/3/13 7:59,sea,40,4.3,3
2011/3/13 8:20,sea,3,5.3,3
2011/3/13 8:24,sea,15,6.2,5_lower
2011/3/13 8:40,sea,4,5,3
2011/3/13 9:32,sea,12,4.7,3
2011/3/13 9:41,sea,35,4.6,3
2011/3/13 10:26,sea,11,6.6,4
2011/3/13 12:09,land,25,3.6,3
2011/3/13 12:31,land,0,3.7,3
2011/3/13 12:32,land,9,3.8,4
2011/3/13 12:34,land,0,3.6,3
2011/3/13 14:55,sea,38,4.9,3
2011/3/13 14:59,sea,43,4.7,3
2011/3/13 15:19,sea,44,4.3,3
2011/3/13 16:56,sea,6,5.8,3
2011/3/13 18:25,sea,10,5.5,3
2011/3/13 18:52,sea,42,5.6,3
2011/3/13 20:37,sea,2,6.1,3
2011/3/13 20:56,sea,32,4.8,3
2011/3/13 21:44,sea,26,4.8,3
2011/3/13 22:43,sea,26,4.8,3
2011/3/13 23:27,land,6,3.6,4
2011/3/13 23:28,sea,43,4.4,3
2011/3/14 0:10,sea,36,5.1,3
2011/3/14 2:04,sea,25,4.5,3
2011/3/14 2:29,sea,32,4.8,3
2011/3/14 3:45,sea,29,4.8,3
2011/3/14 4:16,sea,13,4.9,3
2011/3/14 4:27,sea,28,4.1,3
2011/3/14 7:16,sea,36,4.4,3
2011/3/14 7:46,land,7,3.1,3
2011/3/14 8:41,sea,49,4.6,3
2011/3/14 8:42,sea,43,4.3,3
2011/3/14 8:47,land,3,3.1,3
2011/3/14 8:53,sea,35,4.9,3
2011/3/14 10:02,sea,32,6.2,5_lower
2011/3/14 11:11,sea,40,4.5,3
2011/3/14 12:10,land,0,3.5,3
2011/3/14 13:45,sea,40,4.7,3
2011/3/14 15:12,sea,7,6.5,4
2011/3/14 15:17,sea,4,5.3,4
2011/3/14 15:38,land,4,3.5,4
2011/3/14 15:43,sea,19,5.2,3
2011/3/14 15:52,sea,52,5.2,4
2011/3/14 15:56,sea,52,4.2,3
2011/3/14 16:25,sea,45,5,3
2011/3/14 18:07,sea,32,4.8,3
2011/3/14 20:06,sea,32,4.8,3
2011/3/15 0:26,sea,50,3.9,3
2011/3/15 1:11,sea,51,4.5,3
2011/3/15 3:35,sea,39,4.3,3
2011/3/15 3:41,sea,44,5.7,3
2011/3/15 4:04,sea,37,4.5,3
2011/3/15 4:28,sea,51,5,3
2011/3/15 4:29,sea,43,5.1,3
2011/3/15 4:59,sea,23,4.1,3
2011/3/15 5:40,land,9,2.9,3
2011/3/15 7:04,sea,36,4.8,3
2011/3/15 7:20,land,0,4.5,3
2011/3/15 7:29,land,9,4.3,3
2011/3/15 9:54,land,8,3.8,3
2011/3/15 10:41,land,4,2.1,3
2011/3/15 13:55,sea,49,4.5,3
2011/3/15 15:32,land,8,3.8,3
2011/3/15 15:56,land,0,4.7,3
2011/3/15 16:03,land,0,4.9,3
2011/3/15 16:48,sea,28,4.4,3
2011/3/15 18:41,sea,9,4.3,3
2011/3/15 18:49,sea,7,6.3,3
2011/3/15 19:31,land,47,4.5,3
2011/3/15 20:06,sea,15,5.2,3
2011/3/15 22:10,sea,49,4.2,3
2011/3/15 22:27,sea,10,6.2,4
2011/3/15 22:31,land,14,6.4,6_upper
2011/3/15 22:34,land,13,3.7,3
2011/3/15 22:35,land,11,4.1,3
2011/3/15 22:37,land,16,3.8,3
2011/3/15 22:37,sea,30,5.3,3
2011/3/15 22:40,land,12,3.7,3
2011/3/15 22:40,land,10,4.2,4
2011/3/15 22:43,land,11,3.9,3
2011/3/16 0:23,sea,18,6.3,3
2011/3/16 0:39,land,7,3.4,3
2011/3/16 2:14,land,7,3,3
2011/3/16 3:19,sea,49,4.1,3
2011/3/16 3:33,land,7,4,4
2011/3/16 4:01,sea,18,5.6,3
2011/3/16 4:53,sea,25,5.1,3
2011/3/16 5:27,land,5,2.9,3
2011/3/16 5:30,sea,24,5.8,3
2011/3/16 5:53,land,28,4.2,3
2011/3/16 6:04,land,0,4.8,3
2011/3/16 6:15,land,13,3.6,3
2011/3/16 8:40,land,7,3.8,3
2011/3/16 9:22,sea,46,4.3,3
2011/3/16 10:08,sea,39,4.2,3
2011/3/16 10:44,land,7,3.3,3
2011/3/16 12:52,sea,10,6.1,5_lower
2011/3/16 12:53,sea,20,4.4,3
2011/3/16 13:14,sea,25,5.6,4
2011/3/16 13:17,sea,12,4.8,3
2011/3/16 15:29,sea,41,5.7,3
2011/3/16 18:15,sea,46,4.5,3
2011/3/16 20:20,sea,35,4.9,3
2011/3/16 20:44,sea,46,4.5,3
2011/3/16 22:39,land,53,5.4,4
2011/3/16 22:54,sea,29,4.6,3
2011/3/16 23:46,sea,54,5.3,4
2011/3/17 3:56,land,6,4.4,3
2011/3/17 4:00,sea,45,4.5,3
2011/3/17 6:16,land,12,3.9,3
2011/3/17 7:05,sea,40,4.5,3
2011/3/17 8:11,land,6,3.3,3
2011/3/17 8:38,sea,22,5.5,3
2011/3/17 13:13,sea,31,5.9,4
2011/3/17 17:25,sea,17,5.4,3
2011/3/17 17:44,sea,23,4.7,3
2011/3/17 17:59,sea,29,5,3
2011/3/17 18:05,sea,31,4.8,3
2011/3/17 20:48,sea,29,4.3,3
2011/3/17 21:32,sea,28,5.7,4
2011/3/17 21:33,sea,27,4.9,3
2011/3/17 21:35,sea,45,4.9,3
2011/3/17 21:54,sea,47,5.7,4
2011/3/18 2:00,land,3,3.4,3
2011/3/18 3:38,sea,30,4.7,3
2011/3/18 6:18,sea,34,4.4,3
2011/3/18 6:24,sea,32,4.7,3
2011/3/18 9:41,sea,28,5.4,3
2011/3/18 10:50,land,5,4.2,3
2011/3/18 11:47,sea,44,5.2,3
2011/3/18 16:30,sea,49,4.5,3
2011/3/18 17:01,sea,35,5.4,4
2011/3/18 17:27,sea,11,4.4,3
2011/3/18 21:17,sea,32,4.7,3
2011/3/19 1:49,sea,11,4.4,3
2011/3/19 3:32,sea,23,5,3
2011/3/19 4:53,sea,43,5.2,3
2011/3/19 8:33,sea,37,5.7,4
2011/3/19 8:49,sea,16,5.3,4
2011/3/19 9:57,sea,48,4.1,3
2011/3/19 18:56,land,6,4,4
2011/3/19 18:56,land,5,6.1,5_upper
2011/3/20 1:38,land,5,4.1,3
2011/3/20 5:48,sea,45,4.6,3
2011/3/20 8:37,sea,51,4.7,3
2011/3/20 10:05,sea,43,4.2,3
2011/3/20 10:09,sea,19,5.2,3
2011/3/20 10:30,sea,29,5.5,4
2011/3/20 14:19,land,7,4.7,3
2011/3/20 14:55,sea,42,5.4,3
2011/3/20 21:03,sea,48,5.9,4
2011/3/21 4:54,sea,29,4.6,4
2011/3/21 4:59,land,11,4.1,3
2011/3/21 5:05,sea,52,4.4,3
2011/3/21 5:44,sea,36,3.8,3
2011/3/21 8:37,sea,14,4,3
2011/3/21 8:43,sea,15,4.4,3
2011/3/21 12:39,land,8,3.6,3
2011/3/21 13:15,land,3,4.8,3
2011/3/21 14:08,sea,49,5,3
2011/3/21 22:22,land,8,3.4,3
2011/3/21 22:49,sea,24,4.7,3
2011/3/21 23:53,land,5,4.5,3
2011/3/22 4:26,land,8,4.4,3
2011/3/22 4:29,sea,48,4.5,3
2011/3/22 6:24,sea,52,4.3,3
2011/3/22 9:33,sea,51,3.7,3
2011/3/22 12:38,sea,37,5.9,4
2011/3/22 16:18,sea,28,6.7,4
2011/3/22 17:33,sea,47,4.8,3
2011/3/22 18:19,sea,43,6.4,4
2011/3/22 18:44,sea,0,6.5,4
2011/3/22 19:18,sea,28,4.9,3
2011/3/22 21:04,sea,48,5.9,3
2011/3/22 22:50,sea,22,6,3
2011/3/23 0:03,sea,23,5.8,3
2011/3/23 0:12,sea,47,4.7,3
2011/3/23 0:49,sea,34,5.2,4
2011/3/23 1:12,sea,35,5.4,3
2011/3/23 4:07,sea,17,4.5,3
2011/3/23 7:12,land,8,6,5_upper
2011/3/23 7:21,land,8,3.6,3
2011/3/23 7:34,land,7,5.5,5_upper
2011/3/23 7:36,land,7,5.8,5_lower
2011/3/23 7:53,land,5,5.1,3
2011/3/23 8:03,land,11,4.3,3
2011/3/23 9:06,sea,33,5.1,3
2011/3/23 16:16,sea,49,4,3
2011/3/23 17:27,land,6,2.5,3
2011/3/23 18:55,land,9,4.7,5_upper
2011/3/23 19:43,sea,51,5.1,3
2011/3/23 20:16,land,11,3.5,3
2011/3/24 2:01,land,8,3.9,3
2011/3/24 4:46,land,6,3.6,3
2011/3/24 5:32,sea,45,4.7,4
2011/3/24 5:43,sea,27,5.2,3
2011/3/24 8:56,land,52,4.8,5_lower
2011/3/24 14:03,land,6,4.5,3
2011/3/24 17:20,sea,34,6.2,5_lower
2011/3/25 2:08,land,6,4.7,3
2011/3/25 3:16,sea,49,4.3,3
2011/3/25 4:44,sea,42,4.8,3
2011/3/25 17:37,land,8,3.4,3
2011/3/25 20:36,sea,45,6.3,4
2011/3/25 21:29,sea,50,4,3
2011/3/25 21:54,land,8,3.1,3
2011/3/26 1:10,sea,49,3.7,3
2011/3/26 4:30,sea,48,4.2,3
2011/3/26 5:52,sea,23,4.1,3
2011/3/26 8:50,sea,33,4.4,3
2011/3/26 16:19,sea,24,4.6,3
2011/3/26 16:52,sea,25,4.4,3
2011/3/26 19:18,sea,49,5.2,4
2011/3/26 19:30,sea,24,3.9,3
2011/3/26 22:33,land,9,3.7,4
2011/3/26 23:11,land,7,4.3,4
2011/3/26 23:19,land,7,4.1,3
2011/3/27 1:06,sea,46,4.4,3
2011/3/27 5:36,land,6,4,4
2011/3/27 12:20,sea,36,5,3
2011/3/27 14:07,sea,48,4.8,3
2011/3/27 20:08,sea,45,4.6,3
2011/3/27 22:41,sea,36,5.4,3
2011/3/28 1:00,land,4,3.4,3
2011/3/28 2:09,land,5,3.6,3
2011/3/28 6:11,sea,52,4.7,3
2011/3/28 7:23,sea,32,6.5,5_lower
2011/3/28 10:19,sea,50,4.4,3
2011/3/28 14:37,land,7,2.8,3
2011/3/28 14:38,land,6,4.2,3
2011/3/28 20:08,land,8,4,3
2011/3/28 23:13,sea,43,4.1,3
2011/3/29 8:51,sea,49,4.3,3
2011/3/29 16:04,sea,31,4.3,3
2011/3/29 19:54,sea,13,6.6,4
2011/3/29 21:24,sea,51,4.2,3
2011/3/30 6:51,land,0,2.9,3
2011/3/30 14:31,land,8,3.7,3
2011/3/30 17:50,land,5,3.8,3
2011/3/30 17:52,sea,35,4.2,3
2011/3/30 19:54,land,0,3.9,3
2011/3/30 21:51,sea,30,5.3,3
2011/3/30 22:00,sea,42,5.1,3
2011/3/30 22:19,sea,50,5,4
2011/3/31 1:32,land,4,2.8,4
2011/3/31 13:40,land,5,3.6,3
2011/3/31 16:15,sea,47,6.1,5_lower
2011/4/1 2:21,sea,34,4.4,3
2011/4/1 7:16,sea,51,4.3,3
2011/4/1 19:49,land,12,5,5_upper
2011/4/1 20:57,sea,45,6,4
2011/4/2 2:03,sea,3,5.5,3
2011/4/2 4:59,sea,49,4.9,4
2011/4/2 12:48,land,12,3.9,3
2011/4/2 13:08,sea,42,5.2,4
2011/4/2 14:08,sea,45,4.6,3
2011/4/2 14:32,sea,36,4.7,3
2011/4/2 16:55,land,54,5,5_lower
2011/4/2 19:22,land,6,4.4,3
2011/4/2 22:29,land,4,2.9,3
2011/4/2 23:38,land,6,4.8,4
2011/4/3 1:43,land,6,4.3,3
2011/4/3 9:23,land,7,3.4,3
2011/4/3 10:54,land,6,4.1,3
2011/4/3 11:49,land,53,4.2,3
2011/4/3 13:36,land,8,3.5,3
2011/4/3 16:38,sea,47,5.4,4
2011/4/3 21:57,sea,48,4.6,4
2011/4/3 23:20,land,6,3.7,3
2011/4/3 23:53,sea,40,4.9,3
2011/4/4 17:42,sea,38,4.8,3
2011/4/4 20:46,land,49,4.1,3
2011/4/5 4:14,sea,41,3.8,3
2011/4/5 5:43,sea,41,4.3,4
2011/4/5 10:29,sea,48,4.7,3
2011/4/5 13:25,sea,42,4.6,3
2011/4/5 13:32,land,49,3.8,3
2011/4/5 18:08,land,7,4.4,3
2011/4/5 23:41,sea,10,4.6,3
2011/4/6 6:24,sea,41,4.4,3
2011/4/6 7:01,sea,27,5,3
2011/4/6 9:04,land,6,2.2,3
2011/4/6 19:09,land,18,4.1,3
2011/4/6 20:48,land,12,3.8,3
2011/4/6 21:56,land,7,4.9,4
2011/4/6 22:54,sea,46,5.3,4
2011/4/7 1:25,sea,39,4.5,3
2011/4/7 11:40,sea,51,4.9,4
2011/4/7 19:52,land,48,3.9,3
2011/4/7 23:32,sea,66,7.2,6_upper
2011/4/7 23:49,sea,59,4.6,3
2011/4/8 5:47,sea,53,4.3,3
2011/4/8 8:39,sea,55,4.1,3
2011/4/8 11:57,sea,44,4.7,3
2011/4/9 0:39,sea,50,4.2,3
2011/4/9 3:56,land,52,4.1,3
2011/4/9 6:30,land,6,3.4,3
2011/4/9 11:59,sea,57,4.3,3
2011/4/9 12:32,sea,33,4,3
2011/4/9 16:28,sea,48,3.8,3
2011/4/9 17:02,land,54,4.3,4
2011/4/9 18:01,land,17,4.3,3
2011/4/9 18:42,sea,58,5.4,5_lower
2011/4/9 21:47,land,43,4.1,3
2011/4/9 21:57,sea,62,5.8,3
2011/4/10 17:52,land,8,3.8,3
2011/4/10 20:22,land,7,3.8,4
2011/4/11 0:07,sea,64,4.5,3
2011/4/11 1:21,sea,56,4.1,3
2011/4/11 2:44,sea,36,4.5,3
2011/4/11 5:19,sea,46,4.3,3
2011/4/11 6:35,sea,53,5.1,4
2011/4/11 10:17,land,6,2.8,3
2011/4/11 11:00,land,4,4,3
2011/4/11 13:51,sea,29,5,4
2011/4/11 17:16,land,6,7,6_lower
2011/4/11 17:17,land,9,5.7,5_lower
2011/4/11 17:19,land,11,4.5,4
2011/4/11 17:20,land,11,4.3,3
2011/4/11 17:26,land,5,5.4,5_lower
2011/4/11 17:33,land,10,4.2,3
2011/4/11 17:45,land,10,4.8,3
2011/4/11 17:51,land,11,4.3,3
2011/4/11 17:58,land,10,4.9,4
2011/4/11 17:59,land,12,4.8,4
2011/4/11 18:05,land,12,5.1,4
2011/4/11 18:06,land,11,4.3,3
2011/4/11 18:12,land,6,4.7,3
2011/4/11 18:23,land,10,4.3,3
2011/4/11 18:30,land,6,4.7,3
2011/4/11 18:36,land,8,4.8,4
2011/4/11 18:44,land,11,4.2,3
2011/4/11 18:48,land,10,4.6,3
2011/4/11 18:52,sea,42,3.9,3
2011/4/11 18:55,land,8,4.3,3
2011/4/11 19:00,land,6,4.7,3
2011/4/11 19:05,land,7,4.3,3
2011/4/11 19:09,land,10,3.5,3
2011/4/11 19:10,land,14,3.9,3
2011/4/11 19:19,land,9,4.6,3
2011/4/11 19:25,land,8,4.4,3
2011/4/11 19:29,land,12,4.3,3
2011/4/11 19:31,land,9,4.3,3
2011/4/11 20:00,land,11,4.4,3
2011/4/11 20:23,land,7,3.8,3
2011/4/11 20:27,land,11,4.6,3
2011/4/11 20:42,land,11,5.9,5_lower
2011/4/11 20:53,land,7,3.7,3
2011/4/11 22:05,land,11,4.7,4
2011/4/11 22:21,land,17,4,3
2011/4/11 22:24,land,11,3.9,3
2011/4/11 22:46,land,0,3.8,3
2011/4/11 23:26,land,16,3.7,3
2011/4/12 0:21,land,7,4.8,3
2011/4/12 0:43,land,11,4.5,3
2011/4/12 0:56,land,9,2.8,3
2011/4/12 0:57,land,11,5,4
2011/4/12 1:19,land,15,4,3
2011/4/12 1:22,land,7,2.7,3
2011/4/12 1:49,land,8,4.3,3
2011/4/12 2:18,land,19,4.1,3
2011/4/12 2:21,land,9,4.3,3
2011/4/12 3:15,land,6,4.3,3
2011/4/12 3:27,land,7,4.3,3
2011/4/12 4:43,land,9,3.8,3
2011/4/12 5:03,land,6,4.4,3
2011/4/12 5:27,land,10,3.9,3
2011/4/12 6:03,sea,54,4.1,3
2011/4/12 7:03,land,9,4.3,3
2011/4/12 7:26,land,0,5.6,5_lower
2011/4/12 7:32,land,0,4.7,3
2011/4/12 8:02,land,10,3.9,3
2011/4/12 8:08,sea,26,6.4,5_lower
2011/4/12 8:24,land,0,3.9,3
2011/4/12 8:48,land,11,4.7,4
2011/4/12 9:09,land,11,4.2,3
2011/4/12 9:21,land,9,3.6,3
2011/4/12 9:46,land,11,4.1,3
2011/4/12 10:33,sea,44,4.2,3
2011/4/12 11:13,land,10,4.2,3
2011/4/12 11:23,sea,25,4.2,3
2011/4/12 14:07,land,15,6.4,6_lower
2011/4/12 14:10,land,11,4.3,3
2011/4/12 14:15,land,13,4.5,3
2011/4/12 14:26,land,14,4.8,4
2011/4/12 14:32,land,15,4,4
2011/4/12 16:14,land,1,4.6,4
2011/4/12 16:47,land,11,4.4,3
2011/4/12 17:48,land,10,4.9,4
2011/4/12 19:15,land,10,4.5,4
2011/4/12 20:00,land,15,3.8,3
2011/4/13 3:47,land,13,4,3
2011/4/13 4:02,land,7,4.5,3
2011/4/13 4:34,land,15,3.8,3
2011/4/13 4:37,sea,48,5.5,4
2011/4/13 8:36,sea,27,5.3,3
2011/4/13 8:54,sea,61,4.5,3
2011/4/13 10:07,land,5,5.7,5_lower
2011/4/13 14:52,land,14,4.1,3
2011/4/13 21:58,sea,14,4.5,3
2011/4/14 4:57,sea,0,6.3,3
2011/4/14 5:39,sea,31,4.1,3
2011/4/14 6:43,land,9,4.1,3
2011/4/14 7:35,land,9,5.1,4
2011/4/14 10:06,sea,54,4.1,3
2011/4/14 12:08,land,11,5.4,4
2011/4/14 16:32,sea,44,4,3
2011/4/14 19:32,sea,32,5,3
2011/4/14 20:02,land,9,4.2,3
2011/4/14 20:24,land,9,4.4,3
2011/4/14 20:46,land,9,4.1,3
2011/4/14 21:24,land,6,3.9,3
2011/4/14 23:50,land,5,3,3
2011/4/15 3:15,land,8,3.2,3
2011/4/15 5:00,sea,31,4.2,3
2011/4/15 8:31,sea,34,4.3,3
2011/4/15 21:53,sea,19,4.7,3
2011/4/15 22:44,sea,51,4.1,3
2011/4/15 23:34,sea,31,5,3
2011/4/16 11:19,land,79,5.9,5_upper
2011/4/16 13:19,sea,46,4.4,3
2011/4/16 16:29,land,15,4.1,3
2011/4/17 0:56,land,8,4.9,5_lower
2011/4/17 1:05,land,8,2.8,3
2011/4/17 1:13,land,8,2.7,3
2011/4/17 4:17,land,8,3.2,3
2011/4/17 5:19,land,8,4.5,3
2011/4/17 5:21,sea,52,4.7,3
2011/4/17 10:37,sea,38,4.8,3
2011/4/17 13:23,sea,59,4.3,3
2011/4/17 13:38,land,35,4.5,3
2011/4/17 14:38,land,7,4.5,3
2011/4/17 15:49,land,35,4.6,3
2011/4/17 17:03,land,9,4.3,3
2011/4/17 21:51,land,8,4.6,3
2011/4/17 23:10,land,8,4,3
2011/4/17 23:46,land,7,4.5,4
2011/4/18 0:47,sea,29,4.8,3
2011/4/18 3:08,land,65,4.4,3
2011/4/18 3:20,land,6,2.8,3
2011/4/18 3:33,land,10,4.1,3
2011/4/18 10:30,land,7,3,3
2011/4/18 11:08,land,8,4.2,4
2011/4/18 17:02,sea,29,4.4,3
2011/4/19 0:07,land,7,4.1,3
2011/4/19 2:37,land,84,4.2,3
2011/4/19 4:14,land,6,4.9,5_lower
2011/4/19 6:33,sea,37,4.8,3
2011/4/19 15:53,land,7,4.6,3
2011/4/19 21:34,land,9,4.1,3
2011/4/19 21:55,sea,48,4.3,4
2011/4/19 23:10,land,53,5,4
2011/4/19 23:47,sea,8,4.5,4
2011/4/20 4:29,sea,47,4.4,3
2011/4/20 6:38,sea,33,4,3
2011/4/20 7:33,land,8,2.6,3
2011/4/20 9:50,land,7,4.8,3
2011/4/20 17:30,sea,46,4.1,3
2011/4/20 18:27,land,4,3.8,3
2011/4/21 0:29,sea,50,4.2,3
2011/4/21 1:33,sea,55,4.5,3
2011/4/21 3:41,land,8,3.9,3
2011/4/21 4:04,land,10,3.8,3
2011/4/21 4:25,land,4,3.7,3
2011/4/21 5:51,land,8,4.3,3
2011/4/21 17:18,sea,31,5.2,4
2011/4/21 22:37,sea,46,6,5_lower
2011/4/21 22:47,sea,45,4.3,3
2011/4/21 22:54,land,49,4.4,3
2011/4/22 1:11,sea,48,5.6,4
2011/4/22 3:44,land,12,3.8,3
2011/4/22 15:35,land,24,4.1,3
2011/4/23 0:25,sea,21,5.4,5_lower
2011/4/23 8:15,land,5,4.5,4
2011/4/23 15:30,sea,34,4.4,3
2011/4/23 19:12,sea,35,6.1,3
2011/4/23 20:07,land,6,4.3,3
2011/4/23 20:51,land,11,3.5,3
2011/4/23 23:31,land,55,4.2,3
2011/4/24 5:53,land,5,3.7,3
2011/4/24 12:25,land,44,4.1,3
2011/4/24 19:09,land,14,4.5,4
2011/4/24 20:50,land,3,3.1,3
2011/4/24 21:20,land,4,3.6,3
2011/4/25 2:48,land,12,4.1,3
2011/4/25 18:00,sea,39,5,4
2011/4/25 23:51,land,10,3.8,3
2011/4/26 5:24,sea,32,3.9,3
2011/4/26 6:16,sea,64,4.5,3
2011/4/26 9:05,land,14,3.6,3
2011/4/26 13:01,sea,13,5.2,3
2011/4/26 21:12,land,46,5,4
2011/4/27 12:55,land,10,4.1,3
2011/4/27 19:27,land,0,4.6,4
2011/4/27 21:27,land,13,3.9,3
2011/4/28 6:45,sea,53,4.8,3
2011/4/28 10:44,sea,48,4.8,3
2011/4/28 18:27,sea,44,5.7,4
2011/4/28 21:39,land,8,3.5,3
2011/4/29 2:17,sea,35,4.3,3
2011/4/29 7:21,land,9,2.4,3
2011/4/29 7:21,land,9,3.5,3
2011/4/29 13:38,sea,44,4.6,3
2011/4/29 15:54,sea,48,4.8,4
2011/4/29 21:24,land,7,3,3
2011/4/30 2:04,sea,24,4.7,3
2011/4/30 7:19,sea,44,5.2,3
2011/4/30 14:06,sea,37,5.3,4
2011/4/30 14:29,sea,35,4.1,3
2011/4/30 14:46,sea,33,4.5,4
2011/4/30 15:04,sea,37,4.6,3
2011/5/1 2:11,sea,21,4.9,3
2011/5/1 9:02,land,9,3.7,3
2011/5/1 10:27,sea,39,4.5,3
2011/5/1 10:45,land,77,4.2,3
2011/5/1 10:56,sea,49,4.1,3
2011/5/1 11:48,sea,29,4.6,4
2011/5/1 12:37,land,10,3.9,3
2011/5/1 14:06,sea,19,4.2,3
2011/5/1 18:36,land,22,3.9,3
2011/5/2 8:52,land,7,3.3,3
2011/5/2 11:09,sea,48,4.7,3
2011/5/2 12:16,land,7,3.9,3
2011/5/2 16:55,sea,28,3.9,3
2011/5/2 20:29,sea,49,4.3,3
2011/5/3 6:25,sea,31,5.1,3
2011/5/3 22:35,sea,47,4.8,3
2011/5/3 22:57,land,8,4.5,4
2011/5/4 14:41,land,92,4.6,3
2011/5/4 17:47,land,8,3.8,3
2011/5/5 0:09,land,7,4.1,3
2011/5/5 3:22,land,18,3.6,3
2011/5/5 19:20,land,8,4.5,3
2011/5/5 23:58,sea,42,6.1,3
2011/5/6 2:04,land,6,5.2,5_lower
2011/5/6 3:06,land,7,3.5,3
2011/5/6 3:32,land,8,3.4,3
2011/5/6 7:36,land,6,4,3
2011/5/6 14:14,sea,44,4.7,3
2011/5/6 16:56,sea,51,4.1,3
2011/5/6 18:00,land,18,4.2,3
2011/5/6 20:52,land,9,3.6,3
2011/5/7 13:34,land,8,4.6,4
2011/5/7 21:47,land,39,4,3
2011/5/8 5:52,sea,34,5.7,4
2011/5/8 7:11,land,4,4.5,3
2011/5/8 13:53,sea,51,4.4,3
2011/5/8 19:42,sea,46,4.7,3
2011/5/9 19:53,sea,52,4,3
2011/5/10 8:38,land,6,4.5,4
2011/5/10 19:14,sea,58,5.4,3
2011/5/10 23:01,land,5,4.2,4
2011/5/11 3:24,sea,47,4.2,3
2011/5/11 5:24,sea,23,4.7,3
2011/5/11 11:00,land,6,3.4,3
2011/5/12 2:46,land,6,3.5,3
2011/5/12 3:21,sea,50,4.6,3
2011/5/13 1:20,sea,49,4.7,3
2011/5/13 7:36,land,6,3.6,3
2011/5/14 1:28,land,6,4.3,3
2011/5/14 6:49,sea,29,4.7,3
2011/5/14 8:35,sea,41,5.9,4
2011/5/15 0:01,sea,28,4.6,3
2011/5/15 7:30,sea,48,5,3
2011/5/15 8:50,sea,48,5.1,3
2011/5/15 16:56,land,7,3.7,3
2011/5/15 21:14,sea,68,5.3,3
2011/5/16 4:07,sea,48,4.7,3
2011/5/17 0:53,sea,35,4.6,4
2011/5/17 10:03,sea,18,4,3
2011/5/17 22:41,land,52,4,3
2011/5/18 16:23,sea,48,4.2,4
2011/5/19 17:32,sea,60,4.8,3
2011/5/19 22:42,land,6,3.2,3
2011/5/20 9:46,sea,36,5.8,4
2011/5/20 16:28,sea,41,5.2,4
2011/5/20 17:53,land,64,4.6,4
2011/5/21 1:04,land,17,3.8,3
2011/5/21 12:40,sea,51,4,3
2011/5/21 19:24,sea,48,4.4,3
2011/5/22 0:03,sea,51,4.1,3
2011/5/22 2:17,land,4,3.9,3
2011/5/22 7:06,land,48,5.5,4
2011/5/24 12:40,sea,27,5.8,3
2011/5/24 19:18,sea,36,4.6,3
2011/5/24 20:49,sea,44,5,3
2011/5/25 5:36,land,7,5,5_lower
2011/5/25 7:37,sea,42,4.3,3
2011/5/25 9:19,land,62,4.5,3
2011/5/26 9:48,land,5,3,3
2011/5/26 15:57,sea,48,4.1,3
2011/5/26 19:15,land,7,3.7,3
2011/5/26 19:56,land,6,4.8,4
2011/5/26 20:12,land,6,4,3
2011/5/26 21:22,land,4,3.2,3
2011/5/27 8:25,land,7,3.3,3
2011/5/27 12:34,land,8,4.7,4
2011/5/27 13:44,sea,30,3.6,3
2011/5/27 17:04,land,15,4.2,4
2011/5/27 19:53,land,9,2.4,3
2011/5/27 20:25,land,15,3.6,3
2011/5/27 22:33,land,5,4.6,4
2011/5/28 3:33,land,8,3.2,3
2011/5/28 8:01,sea,47,4.5,3
2011/5/28 10:57,sea,11,4.4,3
2011/5/28 11:14,land,56,4.4,3
2011/5/29 5:18,sea,7,4.3,3
2011/5/31 4:36,sea,15,5,3
2011/5/31 21:28,sea,48,5.3,4
2011/6/1 6:23,land,7,3.4,3
2011/6/1 8:19,land,8,3.8,3
2011/6/1 17:18,sea,28,4.5,3
2011/6/2 11:33,land,6,4.7,5_upper
2011/6/2 11:36,land,12,2.9,3
2011/6/2 12:51,land,8,4.1,4
2011/6/2 16:01,land,8,3.4,4
2011/6/2 17:42,land,6,2.3,3
2011/6/2 23:41,land,7,3.8,3
2011/6/3 9:05,sea,57,6.1,3
2011/6/3 10:33,land,62,4.5,3
2011/6/3 15:42,land,12,3.4,3
2011/6/4 1:00,sea,30,5.5,5_lower
2011/6/4 1:57,land,11,5.2,4
2011/6/4 3:56,land,7,3.2,3
2011/6/4 12:32,land,13,4.1,3
2011/6/4 12:37,sea,76,4.4,3
2011/6/5 20:16,land,11,4.4,3
2011/6/6 19:24,land,8,4.1,3
2011/6/7 5:10,sea,48,4.6,3
2011/6/9 7:11,sea,34,5,4
2011/6/9 13:33,land,7,3.7,3
2011/6/9 13:47,land,4,3.6,3
2011/6/9 19:38,sea,13,5.7,4
2011/6/10 3:15,sea,37,4.7,3
2011/6/10 17:18,sea,19,4.4,3
2011/6/10 22:39,sea,48,4.4,3
2011/6/11 7:35,sea,36,5,3
2011/6/12 5:08,sea,21,4.5,4
2011/6/12 9:37,sea,11,4.4,3
2011/6/12 17:09,sea,47,4.6,3
2011/6/13 5:22,sea,53,3.9,3
2011/6/13 5:48,sea,35,4.6,3
2011/6/14 21:48,sea,73,5.1,4
2011/6/14 22:06,sea,50,6,3
2011/6/14 23:56,sea,28,5.3,3
2011/6/16 0:56,land,8,3.9,3
2011/6/16 15:53,land,5,4.2,3
2011/6/16 23:32,land,9,3.9,3
2011/6/18 4:48,land,7,3.8,3
2011/6/18 13:33,land,12,3.8,3
2011/6/18 13:39,land,15,4.6,4
2011/6/18 18:12,sea,48,4,3
2011/6/18 20:31,sea,28,6,4
2011/6/19 4:10,sea,28,4.3,3
2011/6/20 3:58,sea,46,4.3,3
2011/6/20 6:17,land,7,3.7,3
2011/6/20 6:55,land,8,3.3,3
2011/6/20 10:46,sea,40,4.6,3
2011/6/21 11:28,land,5,3.4,3
2011/6/21 13:39,sea,45,4.1,3
2011/6/21 17:49,sea,21,5.5,3
2011/6/22 23:28,sea,23,5.5,3
2011/6/23 3:19,land,53,3.8,3
2011/6/23 6:50,sea,36,6.9,5_lower
2011/6/23 17:22,sea,50,4.5,4
2011/6/23 19:35,sea,57,5.3,4
2011/6/24 9:36,land,9,3.7,3
2011/6/24 23:46,sea,52,4.3,3
2011/6/25 2:39,sea,57,5.4,3
2011/6/25 16:06,land,6,4.5,3
2011/6/25 17:01,land,9,4,3
2011/6/25 17:02,land,10,3.2,3
2011/6/25 17:25,land,9,4.1,3
2011/6/26 5:11,land,4,3.9,3
2011/6/28 12:45,land,9,4.3,3
2011/6/28 21:18,land,11,4.2,4
2011/6/29 11:04,land,7,3.3,3
2011/6/29 14:27,land,8,3.3,3
2011/6/29 19:32,land,4,3.4,3
2011/6/29 20:04,land,5,2.8,3
2011/6/30 7:14,land,51,4.6,3
2011/6/30 8:16,land,4,5.4,5_upper
2011/6/30 8:21,land,4,5.1,4
2011/6/30 13:18,land,8,3.5,3
2011/6/30 13:53,land,4,3.1,3
2011/6/30 14:11,land,4,3.4,4
2011/6/30 19:22,sea,43,4.8,3
2011/7/2 7:28,land,4,3.9,3
2011/7/3 2:11,land,9,3.9,4
2011/7/3 18:19,sea,29,3.7,3
2011/7/4 11:07,land,46,4.1,3
2011/7/4 19:59,land,6,4.4,3
2011/7/5 19:18,land,7,5.5,5_upper
2011/7/5 19:34,land,7,4.5,4
2011/7/7 0:15,sea,76,5.9,3
2011/7/8 3:35,sea,55,5.6,4
2011/7/8 11:42,sea,46,4,3
2011/7/8 22:10,sea,43,4.9,3
2011/7/9 22:41,sea,49,3.9,3
2011/7/10 9:57,sea,34,7.3,4
2011/7/11 9:09,land,8,4.4,4
2011/7/11 10:36,sea,35,4.6,3
2011/7/11 13:29,sea,48,5.1,4
2011/7/12 9:38,land,7,3.5,3
2011/7/12 17:59,sea,57,4.8,4
2011/7/13 0:37,sea,47,5.1,4
2011/7/13 5:47,sea,14,5.3,4
2011/7/14 10:34,sea,57,4.8,3
2011/7/15 1:47,sea,55,4,3
2011/7/15 10:59,land,3,3.3,3
2011/7/15 12:21,sea,30,4.1,3
2011/7/15 21:01,land,66,5.4,5_lower
2011/7/16 6:11,land,12,3.5,3
2011/7/16 14:17,sea,52,4.3,3
2011/7/16 17:57,land,46,4.1,3
2011/7/17 9:55,land,12,4.2,3
2011/7/19 3:41,land,10,3.4,3
2011/7/19 5:22,sea,13,4,3
2011/7/19 10:38,sea,31,5.4,3
2011/7/21 1:12,land,8,2.9,3
2011/7/21 4:18,sea,59,5.2,4
2011/7/23 13:34,sea,47,6.4,5_upper
2011/7/24 8:56,sea,59,4.2,3
2011/7/24 23:32,land,42,4.8,4
2011/7/25 0:07,sea,44,5.2,3
2011/7/25 3:51,sea,46,6.3,5_lower
2011/7/25 20:04,sea,45,5.2,3
2011/7/25 20:54,sea,37,5.7,3
2011/7/26 5:35,sea,36,4.3,3
2011/7/26 7:58,sea,67,4.8,3
2011/7/26 22:36,sea,59,4.4,3
2011/7/27 1:49,land,18,3.7,3
2011/7/27 21:33,land,7,3.2,3
2011/7/29 1:01,sea,56,4.1,3
2011/7/29 23:53,sea,29,5.6,3
2011/7/30 10:07,land,7,4,3
2011/7/31 3:53,sea,57,6.5,5_upper
2011/7/31 14:20,sea,57,4,3
2011/8/1 2:35,sea,37,5.5,4
2011/8/1 15:54,sea,42,4.6,3
2011/8/1 22:44,sea,43,5.8,4
2011/8/1 23:58,sea,23,6.2,5_lower
2011/8/2 10:46,land,9,3.5,3
2011/8/2 13:39,land,9,3.6,3
2011/8/5 2:45,sea,11,4.3,3
2011/8/5 19:53,sea,34,4.9,3
2011/8/5 20:16,land,7,4.7,4
2011/8/6 11:54,land,7,3.8,3
2011/8/6 16:14,sea,28,5.2,3
2011/8/7 12:34,land,7,4.7,4
2011/8/7 22:33,land,9,4.1,3
2011/8/8 16:19,sea,47,4.2,3
2011/8/9 7:31,sea,35,4.1,3
2011/8/10 2:44,sea,52,4.1,3
2011/8/10 8:13,land,61,4.7,4
2011/8/11 22:31,sea,30,5.3,4
2011/8/12 3:22,sea,52,6.1,5_lower
2011/8/14 16:38,land,9,4.3,4
2011/8/14 18:55,land,8,4.2,3
2011/8/15 15:26,land,64,4.7,4
2011/8/15 22:31,sea,53,4.1,3
2011/8/16 19:16,land,6,4.6,3
2011/8/17 4:35,sea,35,5.4,3
2011/8/17 9:23,land,78,4.3,4
2011/8/17 12:05,sea,31,5.1,4
2011/8/17 12:14,sea,28,4.5,3
2011/8/19 0:39,land,50,4,3
2011/8/19 11:28,sea,90,4.2,3
2011/8/19 13:43,land,6,3.4,3
2011/8/19 13:51,sea,45,4.5,3
2011/8/19 14:36,sea,51,6.5,5_lower
2011/8/21 4:37,sea,49,4.4,3
2011/8/21 7:58,sea,50,4.8,4
2011/8/21 19:49,land,9,3.1,3
2011/8/22 4:42,sea,47,3.9,3
2011/8/22 7:05,sea,53,4.5,4
2011/8/22 9:07,land,25,4.7,4
2011/8/22 17:36,land,64,4.7,3
2011/8/22 20:23,sea,34,6.1,3
2011/8/22 21:21,sea,31,4.1,3
2011/8/23 0:26,sea,41,4.3,3
2011/8/23 7:04,land,50,4.2,3
2011/8/27 11:35,land,6,4.3,3
2011/8/27 14:05,sea,15,4.3,4
2011/8/28 18:23,land,5,3.8,3
2011/8/29 0:55,sea,6,3,3
2011/8/30 3:21,sea,16,4.6,3
2011/8/31 2:20,sea,16,4.3,3
2011/8/31 18:32,sea,72,4.6,3
2011/9/1 11:50,sea,16,3.9,3
2011/9/2 13:48,land,74,4.3,3
2011/9/4 5:52,land,90,4.7,3
2011/9/5 21:14,sea,46,4.3,3
2011/9/7 7:27,sea,10,4.3,4
2011/9/7 15:24,land,9,3.6,3
2011/9/7 22:29,land,10,5.1,5_upper
2011/9/7 22:32,land,6,3,3
2011/9/7 23:37,land,5,2.7,3
2011/9/8 3:50,land,7,3.1,3
2011/9/8 18:02,sea,5,3,3
2011/9/8 19:58,land,15,3.8,3
2011/9/8 22:38,sea,40,5.2,3
2011/9/9 6:52,land,9,2.9,3
2011/9/9 7:06,sea,22,4.8,3
2011/9/10 0:51,land,8,3.7,3
2011/9/10 15:00,sea,53,4.8,4
2011/9/10 17:36,land,6,3,3
2011/9/11 19:09,sea,73,4.3,3
2011/9/13 1:49,land,101,4.5,3
2011/9/13 2:42,sea,54,4.3,4
2011/9/13 10:22,land,7,3.6,3
2011/9/13 23:14,sea,35,4.7,3
2011/9/14 4:21,land,6,3.9,3
2011/9/14 23:56,sea,51,4.6,3
2011/9/15 4:24,land,10,3,3
2011/9/15 17:00,sea,51,6.3,4
2011/9/16 7:15,land,67,4.3,3
2011/9/16 11:03,land,4,4.4,3
2011/9/17 4:26,sea,7,6.6,4
2011/9/17 6:08,sea,4,6.1,3
2011/9/17 6:36,sea,5,5.8,3
2011/9/17 7:40,sea,15,5.8,3
2011/9/17 16:34,sea,8,5.8,3
2011/9/18 0:13,sea,47,4.3,3
2011/9/18 12:28,land,7,4.1,3
2011/9/18 16:04,sea,19,5.8,3
2011/9/18 19:39,sea,66,5,4
2011/9/19 3:32,sea,48,5.2,3
2011/9/21 5:59,sea,51,4.8,3
2011/9/21 22:30,land,9,5.2,5_lower
2011/9/22 14:46,sea,42,4.4,3
2011/9/23 4:59,sea,34,4.7,3
2011/9/23 17:15,land,4,5.1,4
2011/9/23 22:12,sea,48,5,3
2011/9/24 2:48,land,6,3.6,3
2011/9/25 10:58,land,7,3.3,3
2011/9/26 7:30,land,6,3.8,3
2011/9/26 7:31,land,6,3.5,3
2011/9/26 14:39,land,8,3.8,3
2011/9/26 16:49,land,9,4.2,4
2011/9/26 17:20,land,9,4.2,4
2011/9/26 22:46,land,5,4.2,4
2011/9/29 4:18,sea,36,4.3,3
2011/9/29 19:05,land,9,5.4,5_upper
2011/9/30 1:54,land,8,3.7,3
2011/9/30 13:30,land,7,3.4,3
2011/10/1 2:20,sea,24,4.5,3
2011/10/1 6:37,land,10,4.1,3
2011/10/2 6:24,sea,27,4,3
2011/10/2 22:51,land,10,3.2,3
2011/10/3 7:29,land,5,3.7,3
2011/10/4 19:19,land,44,4.2,3
2011/10/4 19:25,land,4,3.9,3
2011/10/5 14:16,sea,13,4.4,3
2011/10/5 14:17,sea,12,5,4
2011/10/5 18:59,land,1,5.4,3
2011/10/5 19:06,land,0,5.2,4
2011/10/5 23:33,land,10,4.5,5_upper
2011/10/6 17:39,land,4,3.7,3
2011/10/6 19:37,land,1,4.7,3
2011/10/7 7:00,sea,31,4.1,3
2011/10/7 11:51,sea,67,5,3
2011/10/8 6:11,land,13,4.2,3
2011/10/9 2:20,land,9,3.1,3
2011/10/9 16:18,land,12,3.9,3
2011/10/10 3:00,land,9,3.5,3
2011/10/10 11:45,sea,47,5.6,4
2011/10/12 6:32,land,23,4.2,3
2011/10/13 2:44,land,7,3,3
2011/10/15 11:55,land,6,4.2,3
2011/10/18 18:06,sea,48,4.1,3
2011/10/19 16:05,land,8,4.1,3
2011/10/20 6:13,land,8,4.1,3
2011/10/20 6:21,land,9,4.4,3
2011/10/21 17:02,land,196,6.3,3
2011/10/24 3:58,sea,48,4.2,3
2011/10/25 12:54,sea,53,4.2,3
2011/10/26 2:08,sea,30,5,3
2011/10/26 6:58,land,8,3.9,3
2011/10/26 13:19,land,16,3.8,3
2011/10/28 5:29,land,9,3.9,3
2011/10/29 15:24,sea,51,4.9,3
2011/11/1 5:59,sea,47,4.5,3
2011/11/2 10:43,sea,63,4.3,3
2011/11/3 19:34,land,62,4.9,4
2011/11/4 11:59,sea,32,4.9,3
2011/11/5 0:45,land,8,4.2,3
2011/11/7 23:42,land,3,4.5,3
2011/11/8 3:30,land,6,3.8,3
2011/11/8 11:59,sea,217,7,4
2011/11/9 14:24,sea,38,4.2,3
2011/11/10 7:43,land,7,4.1,4
2011/11/10 18:55,land,14,3.9,3
2011/11/13 0:28,land,8,3.3,3
2011/11/13 18:05,sea,49,4,3
2011/11/14 9:25,land,9,3.1,3
2011/11/17 17:34,sea,47,4.7,3
2011/11/17 19:09,land,8,3.7,3
2011/11/18 3:57,land,7,4.8,4
2011/11/19 19:06,land,6,4.2,3
2011/11/20 2:36,sea,48,4.6,3
2011/11/20 6:00,land,9,3.1,3
2011/11/20 10:23,land,9,5.3,5_upper
2011/11/20 10:26,land,4,4.8,3
2011/11/21 19:16,land,12,5.4,5_lower
2011/11/24 4:24,sea,45,6.1,4
2011/11/24 19:25,sea,43,6.2,5_lower
2011/11/25 2:39,land,9,3.1,3
2011/11/25 4:35,land,12,4.7,4
2011/11/25 4:52,land,13,4.3,3
2011/11/25 5:14,land,12,2.7,3
2011/11/25 21:38,sea,15,3.7,3
2011/11/26 9:05,land,24,4.3,3
2011/11/26 9:16,land,9,3.7,3
2011/11/26 10:43,sea,44,4.5,3
2011/11/26 20:09,sea,53,4,3
2011/11/28 23:33,sea,54,4.3,3
2011/11/29 3:53,sea,48,4.4,3
2011/11/30 21:55,sea,63,4,3
2011/12/1 22:23,land,1,4.6,3
2011/12/2 9:50,sea,56,4.6,3
2011/12/3 5:55,land,22,5.2,4
2011/12/3 6:03,land,20,4.2,3
2011/12/3 13:16,sea,50,4.4,3
2011/12/5 1:02,land,50,4,3
2011/12/5 4:20,sea,56,4.4,3
2011/12/6 12:38,land,8,3.2,3
2011/12/8 1:12,sea,10,3.9,3
2011/12/10 0:23,sea,50,4.1,3
2011/12/10 4:42,land,431,5.7,3
2011/12/10 15:08,sea,45,4.7,4
2011/12/11 10:22,sea,29,5.5,4
2011/12/11 10:23,sea,27,4.5,3
2011/12/11 12:30,sea,24,4.4,3
2011/12/11 20:16,land,62,3.9,3
2011/12/12 4:51,sea,38,4.6,3
2011/12/12 14:13,sea,18,4.6,3
2011/12/14 13:01,land,49,5.1,4
2011/12/15 7:45,sea,26,4.2,3
2011/12/16 15:12,land,73,4.3,3
2011/12/17 17:50,land,13,4.3,3
2011/12/18 18:02,sea,38,4.8,3
2011/12/19 5:36,sea,9,4.1,3
2011/12/19 16:01,sea,36,4.6,3
2011/12/19 23:40,land,4,3.9,3
2011/12/20 2:24,land,5,4.4,3
2011/12/20 10:35,land,6,2.8,3
2011/12/20 15:26,sea,29,5,3
2011/12/20 18:10,land,5,3.2,3
2011/12/21 11:06,sea,49,4.7,3
2011/12/22 5:10,sea,30,4.6,3
2011/12/24 11:21,land,8,3.8,3
2011/12/24 15:14,land,9,4,3
2011/12/30 18:34,sea,69,4.1,3
2011/12/31 8:11,land,8,4.5,3
2012/1/1 0:28,land,7,4.2,4
2012/1/1 14:27,sea,397,7,4
2012/1/5 21:37,land,6,3.9,3
2012/1/5 22:13,land,6,4.2,4
2012/1/6 1:47,sea,36,4.9,3
2012/1/6 5:55,sea,40,4.5,3
2012/1/7 19:43,sea,56,4.7,3
2012/1/9 0:37,land,56,4.7,3
2012/1/9 1:52,land,25,3.6,3
2012/1/9 7:13,sea,48,5.1,3
2012/1/11 6:21,sea,51,3.9,3
2012/1/11 15:00,land,0,4,3
2012/1/12 10:40,sea,52,4.7,3
2012/1/12 12:20,sea,33,5.9,4
2012/1/12 14:37,sea,28,5.5,3
2012/1/12 20:11,land,7,3.3,3
2012/1/13 21:50,land,7,3.8,3
2012/1/14 18:57,sea,34,4.7,3
2012/1/15 19:36,sea,46,3.8,3
2012/1/17 12:30,land,46,4.7,3
2012/1/18 12:10,land,7,4.2,3
2012/1/18 17:55,sea,48,4.3,3
2012/1/18 22:29,land,6,4.1,3
2012/1/19 22:09,sea,14,4.5,3
2012/1/22 10:20,land,59,4.1,3
2012/1/23 7:52,sea,56,4.2,3
2012/1/23 20:45,sea,52,5.1,5_lower
2012/1/24 17:07,sea,51,4,3
2012/1/26 5:42,sea,51,5.2,4
2012/1/27 13:19,sea,14,5,3
2012/1/28 7:39,land,18,4.9,4
2012/1/28 7:43,land,18,5.4,5_lower
2012/1/28 7:46,land,21,4.2,3
2012/1/28 8:04,land,18,4.2,3
2012/1/28 9:22,sea,36,5.7,4
2012/1/28 14:20,sea,37,4.7,4
2012/1/28 21:44,sea,37,4.9,3
2012/1/29 16:46,land,21,4.7,4
2012/1/30 3:18,land,39,4.9,4
2012/2/1 16:44,sea,30,4.2,3
2012/2/5 8:59,sea,38,4.5,3
2012/2/6 7:05,sea,17,5,3
2012/2/8 6:41,sea,12,4,4
2012/2/8 20:36,sea,47,3.9,3
2012/2/8 21:01,land,14,5.7,5_upper
2012/2/9 12:55,land,22,4.6,3
2012/2/9 15:14,sea,9,3.7,3
2012/2/10 6:52,land,107,4.4,3
2012/2/10 13:56,land,10,3.8,3
2012/2/11 10:26,land,46,4.7,3
2012/2/12 4:55,sea,42,4.6,3
2012/2/14 12:27,sea,59,5.6,3
2012/2/14 15:21,sea,54,6,3
2012/2/14 21:40,land,9,3.6,4
2012/2/15 13:36,land,8,3.6,3
2012/2/15 15:28,sea,47,4.8,3
2012/2/16 2:32,sea,34,4.3,3
2012/2/16 13:50,sea,20,4.2,3
2012/2/16 14:09,sea,42,4.3,3
2012/2/18 13:56,sea,2,3.8,3
2012/2/18 14:13,sea,2,4.2,4
2012/2/18 23:20,sea,17,4.8,3
2012/2/19 14:54,land,7,5.2,5_lower
2012/2/20 13:28,land,7,3.4,3
2012/2/24 4:27,sea,58,4.8,3
2012/2/24 13:10,land,63,4.2,3
2012/2/28 1:30,sea,50,4.5,3
2012/2/28 4:31,sea,48,5.7,3
2012/2/28 14:20,sea,23,5.1,4
2012/2/29 18:00,sea,44,5.4,4
2012/2/29 23:32,sea,39,5.9,4
2012/3/1 7:32,sea,56,5.3,5_lower
2012/3/1 23:49,sea,51,4.1,3
2012/3/4 14:15,land,7,3.2,3
2012/3/5 15:24,sea,33,5.1,3
2012/3/8 0:19,land,6,2.7,3
2012/3/8 3:50,land,44,4.2,3
2012/3/8 12:23,sea,50,4.8,3
2012/3/9 1:41,sea,39,4.3,3
2012/3/10 2:25,land,7,5.4,5_lower
2012/3/10 3:15,land,6,3.7,3
2012/3/11 17:33,land,63,4.4,3
2012/3/12 7:58,land,8,3.9,4
2012/3/14 18:08,sea,64,6.9,4
2012/3/14 19:49,sea,69,6,3
2012/3/14 21:05,sea,15,6.1,5_upper
2012/3/14 22:29,sea,13,4.3,3
2012/3/15 1:57,land,8,3.7,3
2012/3/16 4:20,land,94,5.3,3
2012/3/17 20:24,land,7,4.2,3
2012/3/17 22:47,sea,63,4.4,3
2012/3/18 6:42,sea,12,4.1,3
2012/3/18 9:36,sea,45,5,4
2012/3/19 11:56,sea,63,5,3
2012/3/23 23:53,sea,34,4,3
2012/3/25 22:22,sea,49,5.2,4
2012/3/26 11:33,sea,28,4.7,3
2012/3/27 19:21,sea,12,4.6,3
2012/3/27 20:00,sea,21,6.6,5_lower
2012/3/30 5:38,sea,50,4.6,3
2012/3/30 13:38,sea,46,5.1,3
2012/3/30 18:40,sea,21,4.5,3
2012/4/1 2:13,land,6,3.8,3
2012/4/1 23:04,sea,53,5.9,5_lower
2012/4/3 2:48,sea,50,4.1,3
2012/4/12 5:29,sea,48,4.5,3
2012/4/12 20:19,sea,29,5.6,4
2012/4/12 22:07,land,10,3.6,3
2012/4/12 23:50,sea,27,5.9,4
2012/4/13 19:10,sea,32,6,4
2012/4/13 21:12,sea,31,5.2,3
2012/4/13 21:30,sea,17,4.1,3
2012/4/14 4:00,sea,52,3.8,3
2012/4/14 17:46,sea,74,4.2,3
2012/4/14 18:25,sea,24,5,3
2012/4/14 21:39,sea,42,4.4,3
2012/4/19 12:33,sea,34,5.1,4
2012/4/19 17:41,sea,58,3.8,3
2012/4/21 23:29,land,104,4.5,3
2012/4/24 12:28,land,8,4.4,3
2012/4/24 21:13,land,19,3.6,3
2012/4/25 5:22,land,43,5.5,4
2012/4/26 5:45,sea,63,4.5,3
2012/4/27 3:41,sea,65,5,3
2012/4/29 17:12,land,8,3.4,3
2012/4/29 19:28,land,48,5.8,5_lower
2012/4/29 21:16,sea,48,4.5,3
2012/4/30 0:02,sea,23,5.6,4
2012/4/30 11:33,land,9,3.4,3
2012/5/4 11:54,land,70,4.3,3
2012/5/4 14:34,land,84,4.5,3
2012/5/5 18:56,land,45,4.3,3
2012/5/6 5:12,sea,51,5.2,3
2012/5/8 3:59,sea,29,4.7,3
2012/5/9 6:46,sea,48,4.6,3
2012/5/10 0:20,land,9,3.4,3
2012/5/10 9:28,sea,23,5.1,3
2012/5/10 15:01,sea,51,4.3,3
2012/5/12 2:59,sea,49,4,3
2012/5/13 7:08,sea,54,4,3
2012/5/14 5:21,land,2,3,3
2012/5/14 8:17,land,20,3.7,3
2012/5/14 12:36,land,27,4.8,3
2012/5/16 1:00,sea,64,4.8,4
2012/5/17 0:59,land,15,3.6,3
2012/5/18 17:18,land,51,4.8,4
2012/5/20 4:05,sea,33,6,3
2012/5/20 16:20,sea,7,6.5,3
2012/5/21 12:18,sea,91,5.1,3
2012/5/24 0:02,sea,60,6.1,5_upper
2012/5/28 15:31,land,13,4,3
2012/5/29 1:36,land,64,5.2,4
2012/5/31 14:49,sea,48,4.6,3
2012/6/1 17:48,land,44,5.1,4
2012/6/3 13:07,sea,48,4.2,4
2012/6/4 14:09,land,8,3.8,3
2012/6/4 15:51,land,9,4.4,4
2012/6/6 4:31,sea,37,6.3,3
2012/6/8 14:22,sea,33,4.9,3
2012/6/9 4:07,land,26,4,3
2012/6/9 11:06,sea,17,3.4,3
2012/6/9 19:20,sea,52,3.9,3
2012/6/10 6:00,land,70,6,3
2012/6/11 2:11,sea,60,4.4,3
2012/6/12 16:40,sea,51,3.8,3
2012/6/15 16:31,sea,63,4.6,3
2012/6/17 16:13,land,51,4.5,3
2012/6/18 5:32,sea,47,6.2,4
2012/6/19 5:29,land,19,3.8,3
2012/6/20 7:28,sea,40,4.8,3
2012/6/21 8:56,sea,49,4.4,3
2012/6/24 10:29,sea,44,4.8,3
2012/6/26 8:23,land,19,4,3
2012/6/28 14:51,sea,63,5.2,4
2012/6/28 15:17,land,33,4,3
2012/6/29 2:44,land,0,4.5,3
2012/6/30 16:11,sea,64,4.8,3
2012/7/1 6:24,land,9,2.8,3
2012/7/2 11:06,sea,9,4.5,4
2012/7/2 15:23,sea,46,4.4,3
2012/7/3 11:31,land,88,5.2,4
2012/7/3 11:32,land,11,4.2,3
2012/7/3 13:52,sea,55,4.1,3
2012/7/3 13:53,land,7,2.9,3
2012/7/4 15:03,sea,49,4,3
2012/7/4 22:28,sea,57,4,3
2012/7/6 2:04,land,9,4.5,3
2012/7/10 12:48,land,9,5.2,5_lower
2012/7/10 12:51,land,7,3.6,3
2012/7/10 12:57,land,8,3.3,3
2012/7/10 13:33,land,9,3.9,3
2012/7/11 11:43,land,6,3.5,3
2012/7/12 13:54,land,46,4.2,3
2012/7/13 14:14,sea,44,4.5,3
2012/7/14 13:04,land,8,3.7,3
2012/7/15 23:08,land,0,4.2,4
2012/7/15 23:34,sea,62,5,3
2012/7/16 4:31,land,52,4.8,4
2012/7/16 6:49,land,0,4.3,4
2012/7/18 4:39,land,0,4.1,4
2012/7/18 4:50,land,0,4.1,3
2012/7/21 12:01,sea,37,4.9,3
2012/7/22 13:41,land,61,5.1,4
2012/7/22 17:20,sea,48,4.3,3
2012/7/26 2:20,sea,131,4.7,3
2012/7/26 15:00,land,10,4.1,3
2012/7/26 19:30,land,63,4.1,3
2012/7/30 7:05,sea,34,5.5,4
2012/8/2 10:34,land,7,3.6,3
2012/8/3 19:21,sea,48,4.8,3
2012/8/3 22:19,land,43,4.6,4
2012/8/7 13:18,sea,35,4.5,3
2012/8/8 1:11,sea,33,4.7,3
2012/8/11 19:30,sea,60,4.4,3
2012/8/12 18:56,land,4,3.8,4
2012/8/14 11:59,land,654,7.3,3
2012/8/15 1:09,land,13,3.4,3
2012/8/17 8:46,land,10,4.9,4
2012/8/17 16:24,sea,58,4.9,3
2012/8/17 20:37,sea,89,4.3,3
2012/8/20 20:42,land,57,5.2,3
2012/8/21 1:42,sea,46,5.1,3
2012/8/22 10:33,land,53,5.2,4
2012/8/25 20:14,land,7,3.7,3
2012/8/25 23:16,land,49,6.1,5_lower
2012/8/26 3:37,sea,90,5.2,4
2012/8/26 22:13,land,7,3.4,3
2012/8/30 4:05,sea,60,5.6,5_upper
2012/8/30 4:17,land,49,4.1,3
2012/8/31 23:26,land,7,4.4,3
2012/9/2 13:33,sea,54,3.9,3
2012/9/6 3:20,land,10,3.8,3
2012/9/8 10:41,land,50,4.5,3
2012/9/13 0:38,sea,40,4.2,3
2012/9/14 2:01,sea,11,3.3,3
2012/9/14 2:22,land,37,5.1,4
2012/9/16 1:09,sea,14,4.4,3
2012/9/18 4:09,sea,43,5,3
2012/9/30 22:39,land,8,4,3
2012/9/30 22:39,land,8,3.8,3
2012/10/1 7:39,sea,19,4.6,3
2012/10/2 1:12,land,8,4.2,3
2012/10/2 3:40,sea,30,5.6,3
2012/10/2 6:27,sea,46,4.3,3
2012/10/2 7:21,sea,22,6.3,3
2012/10/2 10:10,sea,39,4.2,3
2012/10/3 18:39,sea,51,5,4
2012/10/6 1:19,land,3,4.9,3
2012/10/7 8:43,sea,16,4.1,3
2012/10/8 20:04,land,62,3.9,3
2012/10/10 5:49,land,33,4.5,3
2012/10/12 13:57,land,37,5.1,4
2012/10/12 23:35,land,38,3.6,3
2012/10/14 13:37,sea,17,3.9,3
2012/10/14 15:34,land,9,3.9,3
2012/10/17 9:43,land,7,4.5,4
2012/10/18 0:01,land,7,4.2,4
2012/10/18 0:25,land,7,2.6,3
2012/10/18 1:16,land,8,3.3,3
2012/10/18 7:27,land,7,2.4,3
2012/10/18 11:11,land,7,2.5,3
2012/10/19 18:12,sea,48,4.4,3
2012/10/20 17:58,land,3,3.7,3
2012/10/20 18:02,land,4,3.6,3
2012/10/22 10:43,sea,33,4.8,3
2012/10/23 3:09,land,7,2.5,3
2012/10/24 16:05,sea,51,4.5,4
2012/10/24 19:35,land,15,3.4,3
2012/10/25 19:32,sea,48,5.6,5_lower
2012/10/26 19:36,sea,42,4.7,3
2012/10/27 4:44,land,34,4.5,3
2012/10/28 18:44,sea,50,4.3,3
2012/10/31 15:50,land,44,4.4,3
2012/11/3 7:34,sea,29,5,4
2012/11/5 5:49,sea,38,4.3,3
2012/11/7 0:01,sea,13,4.3,3
2012/11/9 12:51,sea,33,5.5,4
2012/11/10 7:35,land,76,4.3,3
2012/11/11 14:15,sea,77,4.5,3
2012/11/16 15:57,sea,10,3.6,3
2012/11/16 17:25,sea,30,5.5,3
2012/11/17 17:13,land,7,3.9,3
2012/11/21 9:02,sea,49,4.1,3
2012/11/22 2:42,sea,50,5,4
2012/11/23 8:26,sea,47,4.7,3
2012/11/24 0:51,land,45,4.4,3
2012/11/24 5:21,sea,57,5.2,4
2012/11/24 10:30,sea,56,4.8,4
2012/11/24 17:59,sea,72,4.8,4
2012/11/27 7:24,sea,48,4.3,3
2012/12/3 13:57,sea,91,4.3,3
2012/12/3 14:17,sea,29,4.3,3
2012/12/4 5:31,land,9,4.1,4
2012/12/5 8:02,land,11,4.1,3
2012/12/6 19:17,sea,52,4.3,3
2012/12/7 5:32,land,67,4.6,3
2012/12/7 17:18,sea,49,7.3,5_lower
2012/12/7 17:31,sea,30,6.6,3
2012/12/12 9:19,sea,32,4.7,3
2012/12/13 1:02,sea,49,4,3
2012/12/15 13:27,sea,59,5.3,4
2012/12/15 14:46,sea,32,5,4
2012/12/17 18:48,land,3,3.7,3
2012/12/18 19:25,sea,46,4.5,3
2012/12/20 5:16,land,74,4.2,3
2012/12/21 0:31,sea,53,4.1,3
2012/12/21 17:07,sea,48,5.2,4
2012/12/22 15:15,land,47,4.5,3
2012/12/26 4:59,sea,65,4.1,3
2012/12/28 16:30,land,56,4,3
2012/12/29 16:19,sea,51,5,4
2012/12/29 23:59,sea,41,5.5,4
2012/12/30 8:05,sea,35,5.1,3
2013/1/1 12:32,sea,105,4,3
2013/1/3 20:14,land,24,4.8,3
2013/1/4 22:52,sea,75,4.4,3
2013/1/5 9:50,land,6,3.9,3
2013/1/7 15:49,sea,72,5.4,3
2013/1/7 22:53,sea,41,4.9,3
2013/1/8 16:51,sea,34,5.4,3
2013/1/10 7:51,land,6,3.3,3
2013/1/10 21:48,sea,48,5,4
2013/1/13 2:54,land,7,3.1,3
2013/1/13 12:17,sea,48,4.8,4
2013/1/14 15:53,sea,47,4.9,3
2013/1/17 14:13,sea,48,4.9,3
2013/1/22 4:46,sea,16,5.1,4
2013/1/24 6:31,sea,47,4.8,3
2013/1/24 6:34,sea,65,5.2,4
2013/1/28 3:41,land,74,4.8,5_lower
2013/1/28 5:57,sea,48,4.9,4
2013/1/31 23:53,land,8,4.7,5_lower
2013/2/1 1:04,land,45,4.3,3
2013/2/1 10:27,sea,40,4.2,3
2013/2/1 23:06,sea,71,4.4,3
2013/2/2 15:41,sea,10,3.4,3
2013/2/2 23:17,land,102,6.5,5_upper
2013/2/5 22:31,sea,42,4.6,3
2013/2/9 13:43,sea,33,5.2,4
2013/2/11 12:45,sea,41,4.5,3
2013/2/12 15:08,land,5,3,3
2013/2/13 11:21,sea,56,4.7,4
2013/2/15 18:18,land,11,4.2,3
2013/2/16 10:30,sea,58,4.3,3
2013/2/16 10:32,sea,45,4.7,3
2013/2/16 13:51,sea,51,3.9,3
2013/2/17 7:17,sea,44,5.3,3
2013/2/19 1:01,sea,49,4.5,3
2013/2/19 19:17,sea,12,3.5,3
2013/2/19 21:27,sea,37,5.6,3
2013/2/22 0:34,sea,64,4.7,3
2013/2/23 20:32,land,9,3.6,3
2013/2/24 13:55,land,21,4.5,3
2013/2/25 15:26,land,3,3.6,3
2013/2/25 16:23,land,3,6.3,5_upper
2013/2/25 16:34,land,5,4.7,4
2013/2/25 18:07,land,4,2.8,3
2013/2/25 18:19,land,4,2.8,3
2013/2/25 18:38,land,4,3.1,3
2013/2/25 18:55,land,4,4.2,3
2013/2/25 21:24,land,4,3.3,3
2013/2/25 22:00,land,4,3.4,4
2013/2/26 1:19,sea,57,4.4,3
2013/2/26 21:46,sea,41,4.9,3
2013/3/2 1:35,sea,35,4.7,3
2013/3/3 20:14,sea,36,3.9,3
2013/3/6 5:32,sea,48,5,4
2013/3/7 7:04,sea,27,4.2,3
2013/3/9 21:16,land,101,5,3
2013/3/10 5:11,sea,49,5.1,3
2013/3/11 14:34,sea,154,4.7,3
2013/3/11 18:34,land,25,5.2,3
2013/3/13 6:32,sea,48,5,3
2013/3/16 8:11,sea,48,4.3,3
2013/3/18 6:53,land,56,4.4,4
2013/3/21 14:34,land,72,4.7,3
2013/3/26 20:48,sea,15,4.6,3
2013/3/26 20:55,sea,17,4.6,3
2013/3/28 19:16,land,42,4.1,3
2013/3/29 0:48,sea,13,4.2,3
2013/3/31 16:46,sea,46,5.3,4
2013/4/2 3:53,sea,29,6.2,3
2013/4/2 11:08,sea,27,5.7,3
2013/4/4 1:58,land,13,4.2,4
2013/4/4 13:42,sea,12,5.1,4
2013/4/6 4:24,sea,94,4.8,3
2013/4/6 5:00,sea,49,5.2,3
2013/4/13 5:33,land,15,6.3,6_lower
2013/4/13 5:41,land,14,3.9,3
2013/4/14 10:22,land,97,4.6,3
2013/4/14 22:25,sea,51,5.3,4
2013/4/16 14:47,sea,50,3.9,3
2013/4/17 10:15,sea,16,4.4,3
2013/4/17 11:13,sea,15,4.6,3
2013/4/17 11:16,sea,12,4.6,3
2013/4/17 12:22,sea,13,4.6,3
2013/4/17 12:23,sea,10,4,3
2013/4/17 17:57,sea,9,6.2,5_upper
2013/4/17 17:59,sea,8,4.3,3
2013/4/17 18:06,sea,11,3.5,3
2013/4/17 21:03,sea,58,5.9,5_lower
2013/4/19 12:05,land,125,7,4
2013/4/19 23:11,sea,15,4.6,4
2013/4/21 19:27,land,12,4.3,4
2013/4/25 8:47,land,61,4.1,3
2013/4/25 16:16,land,6,4.2,3
2013/4/29 22:01,sea,34,5.6,3
2013/4/30 22:09,land,5,4.2,3
2013/5/2 9:55,sea,41,4.2,3
2013/5/2 22:04,land,6,4.1,4
2013/5/7 10:04,sea,50,4.5,3
2013/5/10 1:56,land,5,3.8,3
2013/5/14 8:01,sea,30,4.3,3
2013/5/15 18:35,land,7,4.4,3
2013/5/16 8:46,sea,12,5,4
2013/5/16 16:12,sea,31,4.3,3
2013/5/17 4:20,land,74,4.3,3
2013/5/18 14:48,sea,46,6,5_upper
2013/5/19 0:51,sea,48,4,3
2013/5/20 23:38,land,11,3.6,3
2013/5/21 20:25,land,4,4.7,3
2013/5/22 20:00,land,8,4.2,3
2013/5/24 14:44,land,598,8.3,3
2013/5/24 17:33,sea,44,4.9,3
2013/5/25 11:11,sea,65,4.3,3
2013/5/26 6:17,sea,27,4.9,3
2013/5/26 22:16,land,7,3.8,3
2013/5/28 9:51,land,7,3.5,3
2013/6/1 16:54,land,8,4.1,3
2013/6/4 17:33,sea,48,4.7,4
2013/6/5 9:36,land,11,4.4,3
2013/6/6 12:28,sea,50,5,3
2013/6/6 13:25,sea,51,4.3,3
2013/6/7 22:29,sea,11,3.8,4
2013/6/8 1:38,sea,25,5.8,3
2013/6/8 16:09,land,4,3.3,3
2013/6/8 16:17,land,4,4,4
2013/6/8 16:47,land,4,3.8,3
2013/6/8 20:39,land,4,3.9,4
2013/6/13 22:24,sea,37,5.8,3
2013/6/20 10:49,sea,29,4.9,3
2013/6/21 16:31,sea,22,4.6,4
2013/6/27 16:13,land,7,3.9,4
2013/7/6 7:00,sea,29,4.6,3
2013/7/6 14:39,land,7,3.7,3
2013/7/10 0:21,sea,10,3.9,4
2013/7/10 14:22,land,81,4.9,4
2013/7/11 3:18,sea,47,4.5,3
2013/7/11 22:44,sea,57,4.2,3
2013/7/16 7:45,sea,70,5.1,4
2013/7/16 23:09,sea,47,5.1,4
2013/7/17 12:07,land,17,4,3
2013/7/17 22:34,land,24,3.8,3
2013/7/19 8:44,sea,52,4.9,3
2013/7/19 18:05,sea,53,4.4,3
2013/7/20 1:39,sea,45,5.4,3
2013/7/20 15:06,sea,33,5.4,3
2013/7/21 16:03,land,49,4.5,3
2013/7/23 11:03,sea,48,4.6,3
2013/7/23 12:02,land,8,5.2,4
2013/7/26 4:05,sea,35,4.9,3
2013/7/30 1:05,land,58,3.7,3
2013/7/30 13:02,land,6,3.4,3
2013/7/30 14:46,land,5,3.1,3
2013/7/31 6:20,sea,59,3.8,3
2013/7/31 9:14,sea,18,5,3
2013/8/1 1:40,land,7,3.1,3
2013/8/1 21:18,land,8,3.1,3
2013/8/3 9:56,land,34,4.9,4
2013/8/4 12:28,sea,58,6,5_upper
2013/8/6 2:20,sea,55,4.1,3
2013/8/7 16:51,sea,61,4.5,3
2013/8/10 7:56,sea,52,4.9,3
2013/8/12 9:51,sea,69,4.8,3
2013/8/12 21:59,sea,26,4.9,3
2013/8/14 9:45,land,6,3.8,3
2013/8/14 14:31,land,6,4.1,3
2013/8/14 20:56,sea,8,3.1,3
2013/8/15 7:53,sea,37,4.2,3
2013/8/19 11:22,land,6,3.8,3
2013/8/22 15:53,land,54,4.8,3
2013/8/23 23:21,land,5,3.3,3
2013/8/27 3:42,land,11,3.5,3
2013/8/29 21:45,land,9,3.7,3
2013/8/30 16:36,land,8,3.9,4
2013/8/30 17:32,sea,12,4.4,4
2013/9/4 9:18,sea,445,6.8,4
2013/9/5 21:24,sea,58,3.9,3
2013/9/8 9:30,land,7,3.5,3
2013/9/9 9:04,land,10,4.4,4
2013/9/13 4:49,sea,49,4.4,4
2013/9/15 7:43,land,9,3.5,4
2013/9/16 12:53,land,60,3.9,3
2013/9/18 9:27,sea,39,4.9,3
2013/9/19 7:44,land,7,4.3,3
2013/9/20 2:25,land,17,5.9,5_upper
2013/9/27 7:37,land,17,4.2,3
2013/9/30 22:37,sea,49,4.4,4
2013/10/3 13:13,sea,33,5.1,3
2013/10/4 10:22,sea,39,3.7,3
2013/10/6 12:02,land,10,3.7,3
2013/10/8 19:28,land,3,3.9,3
2013/10/10 7:46,sea,48,4.4,4
2013/10/11 17:22,sea,52,4.3,3
2013/10/12 2:43,sea,52,4.8,4
2013/10/15 6:02,land,62,3.8,3
2013/10/17 13:31,sea,53,4,3
2013/10/19 11:08,sea,51,4,3
2013/10/20 0:14,sea,51,5.1,4
2013/10/20 10:07,sea,53,4.3,4
2013/10/21 12:33,land,50,4.6,3
2013/10/22 10:18,sea,26,5.3,3
2013/10/22 23:43,land,9,2.7,3
2013/10/26 2:10,sea,56,7.1,4
2013/10/26 23:36,sea,55,4.4,3
2013/10/30 12:22,sea,23,4.9,3
2013/11/1 0:01,sea,27,5.2,3
2013/11/2 18:36,sea,18,3.9,3
2013/11/3 5:41,sea,36,4.1,3
2013/11/3 14:25,land,63,5.1,4
2013/11/4 22:47,sea,34,4.8,3
2013/11/10 7:37,land,64,5.5,5_lower
2013/11/11 8:24,land,5,4.1,3
2013/11/12 3:28,land,6,3.6,3
2013/11/12 5:54,sea,41,4.5,3
2013/11/15 11:00,sea,63,5.3,4
2013/11/16 3:57,sea,55,5,3
2013/11/16 14:54,sea,48,4.9,3
2013/11/16 17:54,land,8,3.1,3
2013/11/16 20:44,land,72,5.3,4
2013/11/19 17:30,sea,60,4.1,3
2013/11/20 10:57,land,14,4,3
2013/11/21 12:37,sea,38,4.9,3
2013/11/21 17:59,sea,48,4.1,3
2013/11/22 4:57,sea,52,4.4,3
2013/11/24 3:42,sea,77,4.5,3
2013/11/25 12:23,land,22,5.2,3
2013/11/26 0:43,sea,51,4.9,4
2013/11/26 9:04,land,11,3.5,3
2013/11/28 2:45,sea,90,5,3
2013/11/29 1:15,land,69,4.8,3
2013/12/3 6:26,land,63,4.1,3
2013/12/3 15:58,sea,12,4.5,4
2013/12/3 18:16,sea,47,5.5,3
2013/12/4 4:55,sea,49,4.2,3
2013/12/5 3:43,sea,48,4.2,3
2013/12/9 6:27,land,9,3,3
2013/12/11 16:36,sea,53,4.4,3
2013/12/13 13:24,sea,56,4,3
2013/12/14 1:03,sea,17,4,3
2013/12/14 13:06,sea,49,5.5,4
2013/12/15 0:13,land,14,3.8,3
2013/12/16 2:17,land,78,4.6,3
2013/12/16 4:34,land,10,4.2,3
2013/12/18 2:13,sea,72,4.8,3
2013/12/18 19:14,sea,41,4.7,3
2013/12/21 1:10,land,62,5.2,4
2013/12/21 10:34,sea,51,5.5,4
2013/12/25 2:12,sea,26,4.4,3
2013/12/26 3:43,sea,56,4.1,3
2013/12/27 19:31,sea,38,5,3
2013/12/29 10:17,sea,14,4.8,3
2013/12/29 10:22,sea,56,4.4,3
2013/12/31 10:03,land,7,5.4,5_lower
2014/1/1 23:39,sea,49,4.2,3
2014/1/2 22:11,sea,26,5,3
2014/1/7 22:11,land,25,3.8,3
2014/1/9 3:15,land,70,5.5,4
2014/1/9 3:57,land,7,4.6,4
2014/1/9 13:31,sea,60,4.7,3
2014/1/13 8:29,land,7,3.5,3
2014/1/16 10:12,sea,28,5.1,3
2014/1/17 7:56,sea,32,4.8,3
2014/1/17 18:37,sea,37,4.4,3
2014/2/2 15:05,sea,46,4.5,4
2014/2/2 20:08,land,6,3.1,3
2014/2/6 2:32,sea,40,5.3,4
2014/2/6 20:32,sea,48,5,3
2014/2/6 21:10,sea,62,4.2,3
2014/2/7 9:43,land,8,3.5,3
2014/2/8 2:18,sea,48,5,4
2014/2/8 11:34,sea,51,4.8,4
2014/2/9 12:50,sea,52,4.1,3
2014/2/9 19:54,sea,57,4.2,3
2014/2/11 4:14,sea,91,5.3,3
2014/2/20 11:12,land,8,3.5,3
2014/2/25 1:04,land,8,3.5,3
2014/2/27 14:03,land,11,3.9,3
2014/3/3 5:11,sea,116,6.4,4
2014/3/3 11:27,sea,47,5,3
2014/3/10 0:13,sea,90,4.6,3
2014/3/12 5:04,land,66,4.4,3
2014/3/14 2:06,land,78,6.2,5_upper
2014/3/17 18:02,sea,33,5.1,3
2014/3/22 14:05,land,6,3.6,3
2014/3/22 20:05,land,77,4.2,3
2014/3/26 17:49,sea,77,5.3,3
2014/3/30 20:11,sea,33,4.8,3
2014/4/1 6:37,land,10,3.7,3
2014/4/1 13:08,sea,49,4.4,3
2014/4/2 4:59,land,9,3.4,3
2014/4/3 8:22,land,64,5.5,4
2014/4/4 0:46,land,35,4.3,3
2014/4/5 10:16,sea,34,5.3,3
2014/4/8 5:07,land,9,4.4,4
2014/4/10 17:31,land,4,2.7,3
2014/4/11 23:21,sea,54,4.1,3
2014/4/13 18:16,sea,64,4.9,4
2014/4/16 0:28,land,6,3.1,3
2014/4/16 3:36,sea,43,4.4,3
2014/4/17 2:20,sea,46,4.2,3
2014/4/17 3:17,sea,30,5.1,3
2014/4/18 7:53,land,49,4.7,4
2014/4/25 8:43,sea,52,4.1,3
2014/4/26 4:15,sea,14,4.4,3
2014/5/3 10:02,land,4,3.8,3
2014/5/3 10:08,land,3,3.3,3
2014/5/3 10:45,land,3,3.5,3
2014/5/3 11:20,land,3,3.5,3
2014/5/3 11:23,land,3,3.3,3
2014/5/3 11:33,land,3,3.3,3
2014/5/3 15:26,land,3,3.9,3
2014/5/3 16:20,land,4,3.8,3
2014/5/4 9:20,land,3,3.6,3
2014/5/5 5:02,land,49,4.2,3
2014/5/5 5:18,sea,156,6,5_lower
2014/5/12 7:11,land,7,3.2,3
2014/5/13 8:35,land,72,4.9,4
2014/5/13 10:33,land,47,4,3
2014/5/19 21:02,sea,57,4.2,3
2014/5/25 6:32,land,9,2.8,3
2014/5/30 20:21,land,62,4.2,3
2014/6/1 15:34,land,8,3.5,3
2014/6/4 2:22,land,56,4.3,3
2014/6/8 14:24,land,67,5,4
2014/6/9 6:10,sea,78,4.6,4
2014/6/9 7:50,sea,82,4.6,3
2014/6/11 19:52,land,10,4,3
2014/6/15 2:31,land,94,5.5,4
2014/6/16 3:19,sea,37,5.7,3
2014/6/16 5:14,sea,52,5.8,4
2014/6/17 2:42,sea,121,5.3,3
2014/6/18 21:41,sea,48,4.2,3
2014/6/19 15:01,sea,10,4.5,3
2014/6/26 14:47,sea,49,4.8,4
2014/6/27 6:55,sea,51,4.7,3
2014/6/28 16:11,sea,41,4.5,3
2014/6/29 14:56,sea,139,6.4,3
2014/6/30 5:14,land,8,3.4,3
2014/7/3 7:58,land,10,4,4
2014/7/5 7:42,sea,49,5.9,5_lower
2014/7/6 5:22,land,50,4.6,4
2014/7/7 4:28,sea,44,4,3
2014/7/8 18:05,land,3,5.6,5_lower
2014/7/8 18:06,land,3,4.2,3
2014/7/10 17:58,land,5,4.8,4
2014/7/11 0:14,land,30,3.4,3
2014/7/12 4:22,sea,33,7,4
2014/7/16 17:24,land,13,4.6,4
2014/7/19 10:42,land,63,4.2,3
2014/7/20 10:25,land,60,4.5,3
2014/7/21 3:32,sea,30,6.4,3
2014/7/25 13:18,sea,66,4.9,3
2014/7/28 17:05,sea,3,3.7,3
2014/7/30 23:57,sea,52,3.9,3
2014/8/3 13:06,sea,13,5.6,3
2014/8/6 1:17,land,14,4.3,4
2014/8/10 12:43,sea,51,6.1,5_lower
2014/8/14 7:51,land,77,4.4,3
2014/8/15 2:09,sea,5,5.5,3
2014/8/19 22:26,sea,46,4.9,4
2014/8/24 10:57,land,5,3.3,3
2014/8/24 17:26,land,77,4.3,4
2014/8/26 3:42,land,11,4.2,3
2014/8/26 11:22,land,108,4.2,3
2014/8/26 12:36,sea,54,4.2,3
2014/8/29 4:14,land,18,6,4
2014/8/29 16:35,sea,28,5,3
2014/8/29 18:19,land,10,4.2,4
2014/8/31 5:44,sea,50,4.2,3
2014/9/2 16:32,land,49,3.9,3
2014/9/3 16:24,land,7,5.1,5_lower
2014/9/3 22:16,land,8,3.8,3
2014/9/4 5:34,land,7,4.5,4
2014/9/4 5:36,land,7,4.3,3
2014/9/4 7:49,land,28,4.7,3
2014/9/6 17:31,sea,64,4.4,3
2014/9/10 10:09,sea,67,4.9,4
2014/9/14 15:57,land,38,4.1,3
2014/9/16 12:28,land,47,5.6,5_lower
2014/9/18 8:18,sea,50,5.2,4
2014/9/18 14:56,land,74,4.9,3
2014/9/23 12:32,land,44,3.9,3
2014/9/24 21:45,sea,51,5.1,4
2014/9/24 22:30,sea,51,5.1,4
2014/9/27 0:35,sea,8,4.1,3
2014/9/27 10:20,sea,0,1.7,3
2014/9/28 15:09,land,49,3.9,3
2014/10/3 9:57,sea,28,5.7,4
2014/10/5 3:10,land,39,3.9,3
2014/10/11 11:35,sea,36,6.1,4
2014/10/11 14:20,sea,34,5.6,3
2014/10/13 2:44,land,8,3.5,3
2014/10/14 6:25,sea,81,4.4,3
2014/10/15 7:52,sea,46,5.1,4
2014/10/15 12:51,sea,64,4.6,4
2014/10/15 19:44,sea,7,3.4,3
2014/10/16 4:39,land,41,4,3
2014/10/22 9:15,sea,51,5.6,4
2014/10/23 17:13,land,7,3.2,3
2014/10/23 22:21,land,16,3.7,3
2014/10/27 13:33,sea,92,4.3,3
2014/10/27 15:36,land,61,4.4,3
2014/11/1 16:47,sea,51,4.3,3
2014/11/2 17:41,sea,106,4,3
2014/11/3 11:28,sea,29,4.6,4
2014/11/5 23:01,sea,48,4.6,3
2014/11/8 8:54,sea,40,5.2,3
2014/11/12 9:53,land,66,4.8,4
2014/11/12 12:05,sea,46,4.1,3
2014/11/14 4:47,land,0,4.2,3
2014/11/20 10:51,sea,46,5.5,4
2014/11/22 13:44,land,52,3.9,3
2014/11/22 22:08,land,5,6.7,6_lower
2014/11/22 22:11,land,5,3.8,3
2014/11/22 22:37,land,3,4.5,5_lower
2014/11/22 22:55,land,3,3.8,3
2014/11/23 0:23,land,7,3,3
2014/11/23 4:53,land,0,3.6,3
2014/11/23 5:33,land,5,3.7,3
2014/11/23 7:16,land,4,3.3,3
2014/11/23 12:46,land,5,4.4,3
2014/11/23 15:56,land,5,3.4,3
2014/11/24 6:12,land,5,3.6,4
2014/11/25 6:26,land,1,3.9,4
2014/11/28 13:13,land,4,3.6,3
2014/12/2 20:52,sea,55,4,3
2014/12/3 1:00,land,10,4.3,3
2014/12/3 23:19,land,45,4.2,3
2014/12/4 12:35,sea,24,4.4,3
2014/12/11 15:07,land,23,4.3,4
2014/12/15 11:56,land,8,3.6,3
2014/12/16 18:49,land,9,3.7,3
2014/12/18 3:45,sea,46,4.6,4
2014/12/19 12:34,land,13,4.1,3
2014/12/19 13:47,sea,46,5.3,3
2014/12/20 18:29,sea,44,6,4
2014/12/22 1:17,land,5,4.4,3
2014/12/25 8:06,sea,36,5.6,3
2014/12/25 20:32,land,45,4,3
2014/12/26 22:30,land,14,4.2,4
2014/12/27 6:04,sea,63,4.3,3
2014/12/30 19:23,land,9,4.2,3
2015/1/1 14:01,sea,44,4.5,3
2015/1/1 22:57,sea,30,4.5,4
2015/1/2 1:14,land,33,4.2,3
2015/1/3 4:55,land,58,3.7,3
2015/1/7 18:58,sea,43,4.2,3
2015/1/8 12:01,land,34,4.1,3
2015/1/9 3:42,land,126,5.5,4
2015/1/13 14:26,sea,49,4.7,3
2015/1/14 2:46,sea,48,4.9,3
2015/1/14 10:15,sea,32,4.7,3
2015/1/14 21:02,land,15,3.9,3
2015/1/22 2:35,sea,54,4.5,3
2015/1/23 18:11,sea,36,4.1,3
2015/1/26 7:20,land,37,5,4
2015/1/26 7:21,land,38,4.2,3
2015/1/30 20:31,land,40,4.8,3
2015/2/1 0:42,sea,15,4.4,4
2015/2/3 14:07,land,44,3.9,3
2015/2/6 10:25,land,11,5.1,5_upper
2015/2/7 12:36,land,8,3.6,3
2015/2/14 23:17,land,41,4,3
2015/2/17 8:06,sea,13,6.9,4
2015/2/17 13:46,sea,50,5.7,5_upper
2015/2/20 13:25,sea,8,6.5,3
2015/2/21 4:28,sea,57,5.1,3
2015/2/23 17:00,land,68,4.5,3
2015/2/24 19:36,sea,49,4.3,3
2015/2/26 10:11,sea,50,5,4
2015/2/28 17:40,sea,50,4.5,3
2015/3/4 0:04,land,40,4.6,4
2015/3/6 8:06,land,57,4.9,3
2015/3/6 8:59,sea,49,4.4,3
2015/3/6 12:21,sea,1,3.1,3
2015/3/9 11:58,sea,43,4.1,3
2015/3/12 20:02,sea,46,5,3
2015/3/13 6:03,land,17,4.5,3
2015/3/14 1:15,sea,112,4.7,3
2015/3/14 22:48,sea,48,4.3,3
2015/3/16 20:56,sea,65,4.3,3
2015/3/16 23:23,sea,54,4.5,3
2015/3/19 10:33,sea,50,4.8,3
2015/3/23 22:56,sea,48,4.2,3
2015/3/24 1:06,land,3,3.8,4
2015/3/24 13:53,land,68,4.6,3
2015/3/25 9:34,land,50,5,3
2015/3/25 16:26,land,50,3.8,3
2015/3/26 6:28,sea,13,4.2,3
2015/3/28 16:18,land,6,3.4,3
2015/4/3 4:04,sea,52,4.6,3
2015/4/6 13:58,sea,47,4.3,3
2015/4/7 20:33,land,31,3.5,3
2015/4/8 8:51,land,47,4.1,3
2015/4/13 7:17,land,4,3.3,3
2015/4/16 16:38,sea,49,4,3
2015/4/20 10:42,sea,22,6.8,4
2015/4/20 20:45,sea,21,6,3
2015/4/23 22:15,land,7,3.8,4
2015/4/30 1:09,sea,24,5.4,3
2015/5/3 13:02,sea,45,5,3
2015/5/3 15:54,land,46,4.4,3
2015/5/8 12:58,land,1,1.7,3
2015/5/13 6:12,sea,46,6.8,5_upper
2015/5/13 22:45,land,51,4.2,3
2015/5/15 12:30,sea,51,5,4
2015/5/17 6:41,land,16,4.4,3
2015/5/19 6:05,land,9,3.5,3
2015/5/19 15:13,sea,13,3.7,3
2015/5/20 22:07,land,27,3.4,3
2015/5/22 22:28,sea,21,5.1,5_lower
2015/5/23 8:00,sea,0,2.3,3
2015/5/25 14:28,land,56,5.5,5_lower
2015/5/27 16:11,land,8,4,3
2015/5/30 1:06,land,53,4.8,4
2015/5/30 20:23,sea,682,8.1,5_upper
2015/6/3 20:39,land,3,3.9,3
2015/6/4 4:34,land,0,5,5_lower
2015/6/4 14:03,land,0,3.2,3
2015/6/7 8:50,land,0,3.9,3
2015/6/8 15:01,sea,66,5.6,4
2015/6/9 5:44,land,51,4.4,4
2015/6/11 13:51,sea,36,5.9,3
2015/6/13 5:56,sea,50,4.7,3
2015/6/15 17:38,land,0,3.8,3
2015/6/19 9:35,sea,46,4.7,3
2015/6/23 0:35,sea,63,4.6,4
2015/6/23 21:18,sea,484,6.5,4
2015/6/27 5:39,sea,35,4.2,3
2015/6/30 6:56,land,3,3.3,3
2015/6/30 10:32,land,2,3.2,3
2015/7/2 15:05,sea,57,4.7,3
2015/7/4 13:23,sea,39,4.7,3
2015/7/6 18:30,land,46,4.1,3
2015/7/7 14:10,sea,1,6.3,3
2015/7/9 17:27,sea,36,5.1,3
2015/7/10 1:15,land,45,4.4,4
2015/7/10 3:32,land,88,5.7,5_lower
2015/7/13 2:52,land,58,5.7,5_upper
2015/7/16 14:39,sea,37,4.1,3
2015/7/19 2:13,sea,32,4.7,3
2015/7/20 22:56,land,10,3.5,3
2015/7/21 18:16,sea,65,4.9,3
2015/7/24 17:53,land,44,4.6,4
2015/7/29 21:34,land,45,4,3
2015/7/30 17:16,land,8,4.2,3
2015/8/1 9:23,sea,40,4.5,3
2015/8/1 23:24,sea,63,4.7,3
2015/8/3 10:09,land,7,3,3
2015/8/3 14:30,sea,49,5.1,3
2015/8/5 20:56,sea,50,5,3
2015/8/6 18:22,sea,55,5.2,4
2015/8/8 21:57,sea,44,4.4,3
2015/8/10 11:34,land,75,4.4,3
2015/8/10 18:44,land,46,4.1,3
2015/8/11 12:31,sea,19,4.2,3
2015/8/13 23:08,land,20,5.7,3
2015/8/14 5:13,sea,49,5.1,4
2015/8/14 13:43,land,80,5.1,4
2015/8/16 8:44,sea,45,4.4,3
2015/8/17 20:40,sea,7,5,3
2015/8/20 20:26,land,7,2.9,3
2015/8/20 21:57,sea,40,4.8,3
2015/8/21 4:32,land,8,3.8,3
2015/8/21 16:54,land,48,4.3,3
2015/8/22 21:14,sea,43,4.5,3
2015/8/23 11:08,sea,74,4.3,3
2015/8/24 14:49,sea,16,5.1,3
2015/8/25 3:24,sea,41,4.6,3
2015/8/26 7:51,land,34,5.2,4
2015/8/27 10:23,land,3,3.2,3
2015/8/27 23:02,land,16,3.3,3
2015/8/28 23:46,sea,46,4.8,3
2015/9/1 0:29,land,10,4.3,3
2015/9/1 18:40,land,6,3,3
2015/9/4 13:49,sea,45,5.3,3
2015/9/6 11:04,sea,17,4.3,3
2015/9/8 20:22,sea,23,4.6,3
2015/9/12 5:49,sea,57,5.2,5_lower
2015/9/12 11:44,sea,41,4.5,3
2015/9/12 22:38,sea,56,5.4,4
2015/9/16 5:53,land,41,3.9,3
2015/9/19 23:01,land,0,3.9,3
2015/9/24 15:19,land,9,3.9,3
2015/9/25 5:05,sea,50,4.1,3
2015/9/26 3:13,land,10,3.4,3
2015/10/1 20:10,sea,57,3.9,3
2015/10/3 4:09,land,9,4.1,4
2015/10/4 0:51,sea,43,4.5,3
2015/10/5 21:27,land,5,3.8,3
2015/10/6 2:17,land,10,3.4,3
2015/10/6 18:32,sea,39,5,3
2015/10/13 9:17,sea,70,4.8,3
2015/10/17 17:53,land,8,3.8,4
2015/10/18 8:30,land,8,4.2,4
2015/10/18 8:36,land,8,4.3,4
2015/10/18 9:47,sea,65,4.4,3
2015/10/19 11:14,land,8,3,3
2015/10/19 22:57,land,8,2.7,3
2015/10/20 18:29,sea,314,5.8,3
2015/10/21 15:04,sea,37,5.3,4
2015/10/23 1:18,sea,48,4.6,3
2015/10/25 17:15,land,21,4.3,3
2015/11/1 12:48,sea,65,5.2,3
2015/11/2 12:34,sea,66,3.9,3
2015/11/4 0:55,land,36,4,3
2015/11/7 22:44,land,101,4.9,4
2015/11/12 0:33,sea,97,5,3
2015/11/13 22:37,land,6,4.1,3
2015/11/14 5:51,sea,17,7.1,4
2015/11/15 3:26,sea,47,4.4,3
2015/11/15 4:20,sea,9,5.9,3
2015/11/16 2:11,land,93,4.4,3
2015/11/19 12:39,sea,53,4,3
2015/11/19 18:33,sea,51,4.9,4
2015/11/20 8:15,land,10,4.3,3
2015/11/22 8:20,sea,52,4.8,4
2015/11/24 13:07,land,11,3.6,3
2015/11/28 11:51,sea,71,5.6,4
2015/11/29 16:38,sea,47,4.1,3
2015/11/30 6:04,land,10,3.4,3
2015/12/2 7:48,sea,39,4.6,3
2015/12/2 13:41,sea,63,4.6,3
2015/12/4 5:40,land,6,3.2,3
2015/12/7 6:25,land,5,3.1,3
2015/12/8 1:22,sea,53,4.4,3
2015/12/13 18:32,land,9,3.9,3
2015/12/14 15:01,land,8,4.2,4
2015/12/17 3:20,land,1,2.8,3
2015/12/17 13:11,land,3,2.8,3
2015/12/22 7:18,land,9,3.9,3
2015/12/22 20:12,land,7,3.5,3
2015/12/25 11:20,sea,34,4.2,3
2015/12/26 1:42,land,14,4.4,3
2015/12/28 20:07,sea,12,3.9,3
2016/1/1 0:47,land,15,4,3
2016/1/9 23:12,sea,28,5.4,4
2016/1/11 15:26,land,10,4.6,5_lower
2016/1/12 0:15,land,9,3.6,3
2016/1/12 2:08,sea,265,6.2,3
2016/1/14 12:25,sea,52,6.7,5_lower
2016/1/15 4:28,land,56,4.3,3
2016/1/15 8:22,land,9,3.3,3
2016/1/21 6:53,sea,50,5.1,3
2016/1/21 7:14,land,12,3.9,3
2016/1/23 1:33,land,5,3.7,3
2016/1/23 5:34,sea,4,3.3,3
2016/1/24 0:57,sea,94,4.4,3
2016/1/24 6:33,sea,17,4.6,3
2016/1/25 0:12,sea,51,4.4,3
2016/1/25 2:13,sea,29,4.2,4
2016/1/26 20:37,sea,51,4.5,3
2016/2/2 14:31,sea,22,5.6,4
2016/2/2 20:00,sea,16,3.1,3
2016/2/3 6:54,sea,13,2.7,3
2016/2/5 7:41,land,26,4.6,4
2016/2/7 10:09,land,10,4.4,4
2016/2/7 19:26,land,43,4.6,4
2016/2/8 1:03,land,10,3.8,3
2016/2/9 1:54,sea,48,4.3,3
2016/2/14 19:03,land,14,3.5,3
2016/2/20 10:33,land,9,2.9,3
2016/2/23 3:41,sea,47,4.6,3
2016/2/24 12:15,land,10,3.7,3
2016/2/25 1:10,sea,46,4.6,3
2016/3/3 16:11,land,51,4.9,4
2016/3/5 20:02,sea,13,3.6,3
2016/3/7 16:37,sea,34,4.8,3
2016/3/8 13:32,sea,20,3.8,3
2016/3/12 5:00,sea,33,4.2,3
2016/3/14 16:03,sea,224,5.3,3
2016/3/17 1:15,sea,56,4.1,3
2016/3/18 3:59,sea,49,4.6,3
2016/3/22 14:34,land,7,4.7,4
2016/3/24 16:57,land,97,4.3,3
2016/3/30 14:09,sea,57,4.7,3
2016/3/31 11:48,land,55,4.3,3
2016/4/1 8:20,sea,10,2.3,3
2016/4/1 11:39,sea,29,6.5,4
2016/4/4 19:32,land,34,4.4,3
2016/4/10 1:22,land,14,3.7,3
2016/4/10 1:53,land,13,3.6,3
2016/4/14 15:39,land,5,3.4,3
2016/4/14 21:26,land,11,6.5,7
2016/4/14 21:28,land,10,4.1,4
2016/4/14 21:34,land,10,3.7,3
2016/4/14 21:37,land,9,3.9,4
2016/4/14 21:41,land,12,4,3
2016/4/14 21:41,land,11,3.6,3
2016/4/14 21:42,land,12,4.9,4
2016/4/14 21:43,land,12,4.1,3
2016/4/14 21:53,land,8,3.5,3
2016/4/14 21:55,land,8,3.9,4
2016/4/14 22:06,land,13,4.6,4
2016/4/14 22:07,land,8,5.8,6_lower
2016/4/14 22:08,land,10,3.9,3
2016/4/14 22:09,land,9,4.4,4
2016/4/14 22:15,land,8,3.6,3
2016/4/14 22:16,land,6,4.1,4
2016/4/14 22:18,land,9,4,4
2016/4/14 22:19,land,9,3.6,3
2016/4/14 22:22,land,12,4.6,4
2016/4/14 22:26,land,7,3.5,3
2016/4/14 22:31,land,7,3.3,3
2016/4/14 22:32,land,9,3.9,3
2016/4/14 22:38,land,11,5,5_lower
2016/4/14 22:43,land,11,4.4,4
2016/4/14 22:47,land,9,3.6,3
2016/4/14 22:51,land,12,3.6,3
2016/4/14 23:00,land,13,3.3,3
2016/4/14 23:02,land,8,3.8,3
2016/4/14 23:28,land,13,4.4,4
2016/4/14 23:29,land,13,4.6,4
2016/4/14 23:43,land,14,5.1,4
2016/4/14 23:45,land,12,4.1,3
2016/4/15 0:03,land,7,6.4,6_upper
2016/4/15 0:13,land,10,3.9,3
2016/4/15 0:20,land,11,3.9,3
2016/4/15 0:34,land,13,4.5,4
2016/4/15 0:47,land,13,3.1,3
2016/4/15 0:50,land,13,4.2,4
2016/4/15 0:53,land,12,3.9,4
2016/4/15 1:04,land,13,3.9,3
2016/4/15 1:21,land,11,3.8,3
2016/4/15 1:53,land,12,4.8,5_lower
2016/4/15 1:59,land,11,3.6,3
2016/4/15 2:14,land,11,4.2,3
2016/4/15 3:36,land,11,4.1,4
2016/4/15 4:19,land,3,3.2,3
2016/4/15 5:01,land,10,3.5,3
2016/4/15 5:10,land,10,4.6,4
2016/4/15 5:31,land,11,3.8,3
2016/4/15 6:24,land,5,3.2,3
2016/4/15 7:20,land,12,3.5,3
2016/4/15 7:29,land,12,4.2,4
2016/4/15 7:46,land,11,4.4,4
2016/4/15 7:55,land,10,3.4,3
2016/4/15 9:02,land,13,3.7,3
2016/4/15 9:53,land,13,3.9,3
2016/4/15 12:46,land,14,3.6,3
2016/4/15 13:50,land,12,4,3
2016/4/15 15:27,land,12,4.2,4
2016/4/15 17:39,land,12,3.5,3
2016/4/15 18:48,land,13,3.9,3
2016/4/15 20:15,land,12,3.8,4
2016/4/15 23:17,land,7,3.6,4
2016/4/16 1:25,land,12,7.3,7
2016/4/16 1:30,land,11,5.3,4
2016/4/16 1:44,land,15,5.4,5_lower
2016/4/16 1:45,land,11,5.9,6_lower
2016/4/16 1:56,land,12,4.6,4
2016/4/16 2:04,land,12,4.9,4
2016/4/16 2:17,land,11,3.8,4
2016/4/16 2:49,land,3,3.9,4
2016/4/16 2:57,land,10,3.3,4
2016/4/16 3:03,land,7,5.9,5_upper
2016/4/16 3:09,land,10,4.2,4
2016/4/16 3:16,land,10,4.2,4
2016/4/16 3:26,land,10,4,4
2016/4/16 3:32,land,11,3.8,3
2016/4/16 3:34,land,9,3.7,3
2016/4/16 3:44,land,9,3.6,3
2016/4/16 3:48,land,13,3.3,3
2016/4/16 3:55,land,11,5.8,6_upper
2016/4/16 3:57,land,13,4.3,3
2016/4/16 4:00,land,11,4.1,3
2016/4/16 4:05,land,12,4,4
2016/4/16 4:09,land,12,4.1,3
2016/4/16 4:11,land,9,3.3,3
2016/4/16 4:15,land,13,3.5,3
2016/4/16 4:15,land,7,3.7,3
2016/4/16 4:18,land,10,4.2,4
2016/4/16 4:23,land,10,4.2,4
2016/4/16 4:24,land,12,4.6,4
2016/4/16 4:28,land,9,3.9,3
2016/4/16 4:34,land,12,3.6,3
2016/4/16 4:45,land,6,3,3
2016/4/16 4:51,land,14,4.3,4
2016/4/16 4:57,land,12,3.6,3
2016/4/16 5:01,land,12,3.3,3
2016/4/16 5:16,land,7,3.5,3
2016/4/16 5:20,land,7,3.3,3
2016/4/16 5:22,land,8,3.3,4
2016/4/16 5:23,land,12,3.6,3
2016/4/16 5:34,land,6,4.2,4
2016/4/16 5:37,land,9,3.2,3
2016/4/16 5:43,land,11,3.4,3
2016/4/16 5:52,land,9,4.2,3
2016/4/16 5:57,land,9,3.3,3
2016/4/16 6:02,land,9,3.9,3
2016/4/16 6:03,land,7,3,3
2016/4/16 6:11,land,12,4.1,4
2016/4/16 6:14,land,16,3.7,3
2016/4/16 6:34,land,12,3.4,3
2016/4/16 6:39,land,9,4.5,3
2016/4/16 6:51,land,9,3.2,3
2016/4/16 7:01,land,11,3.8,3
2016/4/16 7:06,land,10,3.5,3
2016/4/16 7:11,land,6,5.4,5_lower
2016/4/16 7:21,land,4,3.2,3
2016/4/16 7:23,land,12,4.8,5_lower
2016/4/16 7:27,land,6,2.9,3
2016/4/16 7:29,land,4,3.4,3
2016/4/16 7:42,land,11,4.2,4
2016/4/16 7:49,land,10,3.6,3
2016/4/16 7:54,land,10,3.3,3
2016/4/16 7:57,land,5,3.9,4
2016/4/16 7:58,land,7,3.2,3
2016/4/16 8:02,land,10,3.8,4
2016/4/16 8:08,land,11,3.9,4
2016/4/16 8:20,land,12,4.6,4
2016/4/16 8:27,land,7,3.7,4
2016/4/16 9:02,land,6,2.4,3
2016/4/16 9:16,land,7,4.5,4
2016/4/16 9:18,land,9,3.9,4
2016/4/16 9:48,land,16,5.4,6_lower
2016/4/16 9:53,land,13,3.6,3
2016/4/16 9:56,land,12,3.6,3
2016/4/16 9:58,land,6,3.5,4
2016/4/16 10:26,land,11,3.8,3
2016/4/16 10:38,land,10,4.5,4
2016/4/16 10:55,land,15,3.7,3
2016/4/16 11:02,land,15,4.4,4
2016/4/16 11:29,land,10,2.9,3
2016/4/16 11:38,land,16,3.9,3
2016/4/16 11:49,land,5,2.8,3
2016/4/16 12:41,land,6,2.7,3
2016/4/16 12:48,land,6,3.8,3
2016/4/16 12:59,land,14,3.7,3
2016/4/16 13:09,land,10,3.7,3
2016/4/16 13:15,land,18,3.9,3
2016/4/16 13:17,land,9,3.6,4
2016/4/16 13:18,land,9,2.9,3
2016/4/16 13:29,land,9,3.1,3
2016/4/16 14:03,land,9,4.6,4
2016/4/16 14:27,land,8,4.6,4
2016/4/16 14:32,land,10,3.5,3
2016/4/16 14:46,land,12,3.8,3
2016/4/16 14:58,land,6,3.5,3
2016/4/16 14:59,land,7,3,3
2016/4/16 15:15,land,13,3.6,3
2016/4/16 15:16,land,5,2.6,3
2016/4/16 15:44,land,5,3.6,3
2016/4/16 15:48,land,14,4,3
2016/4/16 16:02,land,12,5.4,5_lower
2016/4/16 16:54,land,11,3.6,3
2016/4/16 16:57,land,11,3.2,3
2016/4/16 17:05,land,9,2.8,3
2016/4/16 17:17,land,11,3.5,4
2016/4/16 17:40,land,12,4.2,4
2016/4/16 18:25,land,10,4,4
2016/4/16 20:44,land,9,3.7,3
2016/4/16 21:02,land,10,2.8,3
2016/4/16 21:05,land,18,4.4,4
2016/4/16 21:27,land,9,2.5,3
2016/4/16 21:44,land,9,3.8,3
2016/4/16 21:50,land,12,3.8,3
2016/4/16 22:05,land,15,3.7,4
2016/4/16 22:10,land,11,3.4,3
2016/4/16 22:25,land,13,3.2,3
2016/4/16 22:53,land,13,3.4,3
2016/4/16 23:26,land,9,3.6,3
2016/4/16 23:54,land,8,4.2,4
2016/4/17 0:03,land,14,3.4,3
2016/4/17 0:04,land,9,3.6,3
2016/4/17 0:14,land,9,4.8,4
2016/4/17 0:20,land,3,2.3,3
2016/4/17 0:23,land,4,3.2,4
2016/4/17 0:45,land,11,3.1,3
2016/4/17 0:56,land,9,3.9,3
2016/4/17 0:59,land,9,3.9,4
2016/4/17 1:37,land,11,3.4,3
2016/4/17 3:07,land,3,2.5,3
2016/4/17 3:26,land,10,3.7,3
2016/4/17 3:30,land,7,4,4
2016/4/17 4:46,land,10,4.5,4
2016/4/17 4:54,land,14,2.9,3
2016/4/17 5:41,land,10,3.6,3
2016/4/17 6:00,land,7,3.8,3
2016/4/17 6:17,land,9,3.3,3
2016/4/17 8:38,land,8,2.8,3
2016/4/17 8:58,land,10,3.6,3
2016/4/17 9:40,land,4,3.9,4
2016/4/17 9:58,land,10,3.8,4
2016/4/17 10:59,land,8,4.1,3
2016/4/17 11:33,land,8,3.2,3
2016/4/17 11:51,land,5,3.4,4
2016/4/17 12:20,land,5,2.6,3
2016/4/17 12:27,land,17,4,3
2016/4/17 12:32,land,9,3.4,3
2016/4/17 13:13,land,6,4.4,4
2016/4/17 13:38,land,10,3.8,3
2016/4/17 14:10,land,6,2.7,3
2016/4/17 14:41,land,4,3.4,3
2016/4/17 15:35,land,8,3,3
2016/4/17 15:57,land,7,3.7,3
2016/4/17 16:08,land,10,3.6,3
2016/4/17 17:17,land,10,2.9,3
2016/4/17 17:53,land,9,2.9,3
2016/4/17 18:25,land,10,3.3,3
2016/4/17 19:23,land,11,4.4,4
2016/4/17 19:40,land,9,3.3,3
2016/4/17 22:56,land,7,3.8,4
2016/4/18 0:10,land,7,3.9,3
2016/4/18 3:35,land,5,3.3,3
2016/4/18 4:02,land,13,3.4,3
2016/4/18 4:44,land,11,3.7,4
2016/4/18 5:39,land,3,3.1,4
2016/4/18 7:13,land,10,3.3,3
2016/4/18 7:53,land,8,3.8,3
2016/4/18 8:24,sea,51,4.2,3
2016/4/18 8:33,land,11,3.4,3
2016/4/18 8:34,land,5,2.8,3
2016/4/18 8:35,land,10,4.2,4
2016/4/18 9:02,land,11,3.4,3
2016/4/18 12:37,land,7,3.9,3
2016/4/18 13:03,land,9,2.6,3
2016/4/18 13:04,land,7,3.6,3
2016/4/18 15:00,land,8,3.3,3
2016/4/18 17:02,land,7,3.5,3
2016/4/18 18:53,land,16,3.8,3
2016/4/18 19:55,land,16,3.3,3
2016/4/18 20:28,land,4,2.5,3
2016/4/18 20:41,land,9,5.8,5_upper
2016/4/18 20:49,land,6,3,3
2016/4/18 20:54,land,7,2.8,3
2016/4/18 20:59,land,7,3.5,3
2016/4/18 21:18,land,11,3.9,4
2016/4/18 21:47,land,9,3.8,3
2016/4/18 22:19,land,8,3.5,3
2016/4/18 22:31,land,10,3.4,3
2016/4/18 23:22,land,7,3.3,3
2016/4/19 1:53,land,15,3.8,4
2016/4/19 3:08,land,7,3,3
2016/4/19 3:38,land,10,3.5,3
2016/4/19 6:20,land,7,4.1,4
2016/4/19 6:21,land,7,3.5,3
2016/4/19 8:12,land,11,3.9,3
2016/4/19 8:52,land,6,3.3,3
2016/4/19 9:23,land,10,3.6,3
2016/4/19 12:52,land,11,4,3
2016/4/19 13:35,land,9,3.2,3
2016/4/19 14:14,land,7,3.2,3
2016/4/19 14:57,land,6,3.3,3
2016/4/19 15:05,land,5,3.8,3
2016/4/19 16:22,land,9,3.6,3
2016/4/19 17:52,land,10,5.5,5_upper
2016/4/19 17:57,land,8,4,3
2016/4/19 18:02,land,15,3.9,3
2016/4/19 18:04,land,8,3.8,3
2016/4/19 18:09,land,8,4,3
2016/4/19 18:14,land,9,3.2,3
2016/4/19 20:33,land,7,3.3,3
2016/4/19 20:47,land,11,5,5_lower
2016/4/19 22:26,land,9,3.7,3
2016/4/19 23:23,land,10,3.2,3
2016/4/20 0:29,land,8,4,3
2016/4/20 0:56,land,9,3.6,3
2016/4/20 2:16,land,9,3.9,3
2016/4/20 3:38,land,11,4.1,3
2016/4/20 3:52,land,5,3,3
2016/4/20 8:00,land,9,3.7,3
2016/4/20 12:22,land,2,3.4,3
2016/4/20 14:27,land,8,3.9,4
2016/4/20 15:31,land,14,3.1,3
2016/4/20 16:01,land,15,4,3
2016/4/20 17:40,land,13,3,3
2016/4/20 19:00,land,10,3.9,3
2016/4/20 21:19,sea,49,5.8,3
2016/4/20 21:35,land,9,3.7,3
2016/4/20 22:21,land,10,3.2,3
2016/4/20 22:35,land,4,2.5,3
2016/4/21 5:16,land,5,3.8,4
2016/4/21 6:14,land,5,2.3,3
2016/4/21 6:39,land,3,2.9,3
2016/4/21 6:45,land,9,3.1,3
2016/4/21 7:03,land,3,2.7,3
2016/4/21 8:48,land,4,2.6,3
2016/4/21 11:17,land,7,3.2,3
2016/4/21 12:20,land,5,3.3,3
2016/4/21 13:15,land,8,3.1,3
2016/4/21 13:48,land,5,3.2,3
2016/4/21 18:43,land,11,4.2,4
2016/4/21 21:52,land,11,4,3
2016/4/21 21:55,land,11,3.6,3
2016/4/21 23:20,sea,34,4.4,3
2016/4/22 7:47,land,11,3.8,3
2016/4/22 7:59,sea,13,4.1,3
2016/4/22 14:19,land,8,3.3,3
2016/4/22 16:41,land,11,3.4,3
2016/4/22 17:39,land,5,3,3
2016/4/22 18:28,land,13,3.6,4
2016/4/23 22:06,land,10,3,3
2016/4/24 1:13,land,5,3,3
2016/4/24 6:34,land,10,3.5,3
2016/4/24 7:36,land,10,3.4,3
2016/4/24 8:18,land,10,4.1,3
2016/4/24 16:52,land,10,4.1,3
2016/4/24 18:30,land,8,3.7,3
2016/4/24 18:50,land,11,3.6,3
2016/4/24 22:27,sea,8,4.2,4
2016/4/25 0:44,land,11,4.5,4
2016/4/26 0:33,land,8,3.3,3
2016/4/26 3:42,land,17,3.9,3
2016/4/26 3:58,land,8,3.7,3
2016/4/26 16:21,land,12,3,3
2016/4/26 21:50,land,10,3.9,3
2016/4/27 0:01,sea,52,5,3
2016/4/27 7:07,land,12,3.6,3
2016/4/27 7:39,sea,76,4.4,3
2016/4/27 12:30,land,9,3.9,3
2016/4/27 22:36,land,13,3.3,3
2016/4/27 23:30,land,9,3.2,3
2016/4/28 0:21,land,9,3.8,3
2016/4/28 2:38,land,10,4.1,4
2016/4/28 8:29,land,14,3.5,3
2016/4/28 12:56,land,9,3.7,4
2016/4/28 15:30,land,9,4.8,4
2016/4/29 4:25,land,5,3.5,3
2016/4/29 4:32,land,11,3.1,3
2016/4/29 13:41,land,10,3.9,3
2016/4/29 15:09,land,7,4.5,5_upper
2016/4/29 15:30,land,12,3.5,3
2016/4/29 16:30,land,7,2.2,3
2016/4/29 18:00,land,9,3.2,3
2016/4/29 23:27,land,10,3.9,3
2016/4/30 1:37,land,8,3.2,3
2016/4/30 3:59,land,16,3.9,3
2016/4/30 11:15,land,7,3.5,3
2016/5/1 2:30,land,6,3.8,3
2016/5/1 20:34,land,8,3.4,3
2016/5/1 23:23,land,8,3.9,3
2016/5/2 15:35,land,8,4.1,3
2016/5/3 6:05,land,13,3.8,3
2016/5/3 9:00,sea,44,5.9,3
2016/5/3 19:16,land,5,3.2,3
2016/5/4 7:52,land,5,4,4
2016/5/4 14:11,land,5,3.3,3
2016/5/4 16:22,land,5,3.4,3
2016/5/4 19:20,land,8,4,4
2016/5/4 22:24,land,5,3.5,4
2016/5/4 23:37,land,5,3.1,3
2016/5/5 1:10,sea,50,4.8,3
2016/5/5 1:21,land,6,3.2,3
2016/5/5 10:31,land,11,4.6,4
2016/5/5 10:40,land,11,4.9,4
2016/5/5 15:20,land,11,3.4,3
2016/5/5 17:13,land,12,3.3,3
2016/5/5 19:46,land,11,3.9,4
2016/5/6 7:27,land,9,3.5,3
2016/5/6 16:18,land,9,3.8,3
2016/5/6 18:21,land,10,3.5,3
2016/5/6 19:56,land,6,2.7,3
2016/5/7 1:05,land,8,2.7,3
2016/5/7 11:31,land,9,3.5,3
2016/5/8 13:00,land,4,3.6,3
2016/5/9 5:00,land,11,3.6,3
2016/5/9 14:36,land,11,3.4,3
2016/5/9 20:55,land,7,3.5,3
2016/5/10 5:06,land,7,3.4,3
2016/5/10 13:41,land,10,3.3,3
2016/5/10 14:40,land,9,3,3
2016/5/11 22:43,land,11,3.8,3
2016/5/12 13:29,land,31,6.4,3
2016/5/12 15:32,sea,67,5,3
2016/5/12 17:04,land,13,4.1,4
2016/5/12 22:56,land,4,2.9,3
2016/5/13 1:03,land,13,4.1,4
2016/5/13 13:05,land,8,2.8,3
2016/5/14 0:04,land,5,3.1,3
2016/5/14 18:45,land,11,4,3
2016/5/14 22:46,land,14,3.6,3
2016/5/15 6:36,land,14,3.6,3
2016/5/15 10:10,sea,54,4.6,3
2016/5/15 18:09,land,14,3.9,3
2016/5/16 17:50,land,24,4.8,3
2016/5/16 21:23,land,42,5.5,5_lower
2016/5/17 6:55,land,41,3.9,3
2016/5/17 6:57,land,41,4.1,3
2016/5/17 19:20,land,8,3.1,3
2016/5/18 0:38,land,10,3.6,3
2016/5/19 17:21,land,36,4,3
2016/5/20 6:10,land,11,3.8,3
2016/5/21 2:48,land,10,3.4,3
2016/5/21 3:56,land,12,3.9,3
2016/5/21 5:09,land,8,3.2,3
2016/5/22 14:35,land,9,3.1,3
2016/5/23 10:08,land,9,3.4,3
2016/5/23 23:17,sea,62,4.1,3
2016/5/24 18:48,sea,48,4.4,4
2016/5/24 19:16,land,13,3.5,3
2016/5/29 1:18,land,13,3.3,3
2016/5/31 14:23,sea,236,6.2,3
2016/6/2 2:56,land,7,2.9,3
2016/6/2 9:28,land,10,3.8,3
2016/6/2 16:44,land,7,3.6,3
2016/6/2 18:36,land,29,3.7,3
2016/6/2 22:34,land,30,3.5,3
2016/6/3 7:58,land,16,3.9,3
2016/6/4 0:48,land,12,3.7,3
2016/6/4 12:15,sea,19,4.3,3
2016/6/4 14:56,sea,29,4.5,3
2016/6/5 6:02,land,11,3.1,3
2016/6/5 13:55,land,7,3.6,3
2016/6/6 16:47,land,10,3.8,3
2016/6/7 2:48,land,7,3.6,3
2016/6/7 3:15,land,6,3.5,3
2016/6/12 7:54,land,40,4.8,4
2016/6/12 22:08,land,7,4.3,5_lower
2016/6/12 22:53,land,7,3.1,3
2016/6/13 15:54,land,7,4.1,4
2016/6/16 14:21,sea,11,5.3,6_lower
2016/6/16 19:58,sea,9,3.3,3
2016/6/18 8:50,sea,25,4.2,3
2016/6/18 20:46,land,10,4.6,4
2016/6/20 6:39,land,7,3.3,3
2016/6/20 9:08,land,6,3.9,3
2016/6/21 0:10,sea,10,4.2,4
2016/6/21 17:45,land,10,3.5,3
2016/6/22 5:38,land,11,3.9,4
2016/6/25 13:51,land,0,4.8,4
2016/6/26 0:06,land,9,3.4,3
2016/6/27 3:28,land,0,3.4,3
2016/6/27 7:57,sea,19,5.9,3
2016/6/27 13:36,sea,26,4.6,3
2016/6/29 7:50,land,13,3.6,3
2016/6/29 11:35,land,57,3.6,3
2016/6/29 23:14,land,8,3.9,4
2016/6/30 22:54,land,30,3.4,3
